SubjectID,Phase,Trial,StimName,TotalLook,TotalLookAway
T004,PreFam,1,Apple,3546,0
T004,PreFam,2,Ball,1433,0
T004,PreFam,3,Shoe,6040,0
T004,PreFam,4,Dog,6039,0
T004,Habituation,1,Neem_cm_single,6916,0
T004,Habituation,2,Neem_cm_single,2869,0
T004,Habituation,3,Neem_cm_single,6842,0
T004,Habituation,4,Neem_cm_single,3702,0
T004,Habituation,5,Neem_cm_single,8306,0
T004,Habituation,6,Neem_cm_single,6409,0
T004,Habituation,7,Neem_cm_single,6668,0
T004,Habituation,8,Neem_cm_single,9233,0
T004,Habituation,9,Neem_cm_single,7673,0
T004,Habituation,10,Neem_cm_single,2605,0
T004,Habituation,11,Neem_cm_single,3232,0
T004,Habituation,12,Neem_cm_single,2134,0
T004,Habituation,13,Neem_cm_single,3006,0
T004,Habituation,14,Neem_cm_single,4871,0
T004,Habituation,15,Neem_cm_single,6639,0
T004,Habituation,16,Neem_cm_single,1965,0
T004,Habituation,17,Neem_cm_single,6443,0
T004,Habituation,18,Neem_cm_single,7078,0
T004,Habituation,19,Neem_cm_single,11979,0
T004,Habituation,20,Neem_cm_single,4097,0
T004,Habituation,21,Neem_cm_single,1000,0
T004,Habituation,22,Neem_cm_single,2106,0
T004,Habituation,23,Neem_cm_single,1336,0
T004,Test,1,NT_test,1265,0
T004,Test,2,Same_test,2332,0
T004,Test,3,AuditoryControl,2667,0
T004,Test,4,VisualControl,12608,0
T005,PreFam,1,Apple,13336,0
T005,PreFam,2,Ball,13434,0
T005,PreFam,3,Shoe,13593,0
T005,PreFam,4,Dog,6938,0
T005,Habituation,1,Neem_cm_single,13495,0
T005,Habituation,2,Neem_cm_single,13630,0
T005,Habituation,3,Neem_cm_single,7444,0
T005,Habituation,4,Neem_cm_single,5042,0
T005,Habituation,5,Neem_cm_single,3268,0
T005,Habituation,6,Neem_cm_single,11149,0
T005,Habituation,7,Neem_cm_single,5469,0
T005,Habituation,8,Neem_cm_single,4006,0
T005,Habituation,9,Neem_cm_single,2471,0
T005,Habituation,10,Neem_cm_single,4170,0
T005,Test,1,Same_test,4403,0
T005,Test,2,NT_test,13578,0
T005,Test,3,AuditoryControl,12309,0
T005,Test,4,VisualControl,9110,0
T006,PreFam,1,Apple,6069,0
T006,PreFam,2,Ball,12380,0
T006,PreFam,3,Shoe,8973,0
T006,PreFam,4,Dog,13695,0
T006,Habituation,1,Neem_cm_single,12474,0
T006,Habituation,2,Neem_cm_single,2274,0
T006,Habituation,3,Neem_cm_single,3368,0
T006,Habituation,4,Neem_cm_single,8013,0
T006,Habituation,5,Neem_cm_single,7713,0
T006,Habituation,6,Neem_cm_single,2801,0
T006,Habituation,7,Neem_cm_single,4077,0
T006,Habituation,8,Neem_cm_single,3105,0
T006,Habituation,9,Neem_cm_single,1225,0
T006,Test,1,NT_test,6336,0
T006,Test,2,Same_test,4673,0
T006,Test,3,AuditoryControl,2404,0
T007,PreFam,1,Apple,12991,0
T007,PreFam,2,Ball,13334,0
T007,PreFam,3,Shoe,13331,0
T007,PreFam,4,Dog,13666,0
T007,Habituation,1,Neem_cm_single,13459,0
T007,Habituation,2,Neem_cm_single,13663,0
T007,Habituation,3,Neem_cm_single,13458,0
T007,Habituation,4,Neem_cm_single,13578,0
T007,Habituation,5,Neem_cm_single,13461,0
T007,Habituation,6,Neem_cm_single,13565,0
T008,PreFam,1,Apple,13602,0
T008,PreFam,2,Ball,13633,0
T008,PreFam,3,Shoe,13497,0
T008,PreFam,4,Dog,13663,0
T008,Habituation,1,Neem_cm_single,13668,0
T008,Habituation,2,Neem_cm_single,13701,0
T008,Habituation,3,Neem_cm_single,6175,0
T008,Habituation,4,Neem_cm_single,6570,0
T008,Habituation,5,Neem_cm_single,5577,0
T008,Habituation,6,Neem_cm_single,4040,0
T008,Habituation,7,Neem_cm_single,3574,0
T008,Test,1,Same_test,3907,0
T008,Test,2,NT_test,13722,0
T008,Test,3,AuditoryControl,13517,0
T008,Test,4,VisualControl,5344,0
T009,PreFam,1,Apple,13667,0
T009,PreFam,2,Ball,2033,0
T009,PreFam,3,Shoe,1932,0
T009,PreFam,4,Dog,13631,0
T009,Habituation,1,Neem_cm_single,7907,0
T009,Habituation,2,Neem_cm_single,2735,0
T009,Habituation,3,Neem_cm_single,1667,0
T009,Habituation,4,Neem_cm_single,4705,0
T009,Habituation,5,Neem_cm_single,13763,0
T009,Habituation,6,Neem_cm_single,4103,0
T009,Habituation,7,Neem_cm_single,4272,0
T009,Habituation,8,Neem_cm_single,2570,0
T009,Habituation,9,Neem_cm_single,4339,0
T009,Habituation,10,Neem_cm_single,1366,0
T009,Habituation,11,Neem_cm_single,2232,0
T009,Habituation,12,Neem_cm_single,1475,0
T009,Habituation,13,Neem_cm_single,2901,0
T009,Test,1,NT_test,2744,0
T009,Test,2,Same_test,2873,0
T009,Test,3,AuditoryControl,4603,0
T009,Test,4,VisualControl,4510,0
T011,PreFam,1,Apple,13434,0
T011,PreFam,2,Ball,12512,0
T011,PreFam,3,Shoe,5669,0
T011,PreFam,4,Dog,13464,0
T011,Habituation,1,Neem_cm_single,2134,0
T011,Habituation,2,Neem_cm_single,13765,0
T011,Habituation,3,Neem_cm_single,13630,0
T011,Habituation,4,Neem_cm_single,4267,0
T011,PreFam,1,NA,0,0
T011,PreFam,1,NA,0,0
T011,PreFam,1,NA,0,0
T011,PreFam,1,Apple,13802,0
T011,PreFam,2,Ball,13701,0
T011,PreFam,3,Shoe,13734,0
T011,PreFam,4,Dog,11365,0
T011,Habituation,1,Neem_cm_single,6329,0
T011,Habituation,2,Neem_cm_single,13697,0
T011,Habituation,3,Neem_cm_single,13730,0
T011,Habituation,4,Neem_cm_single,13763,0
T011,Habituation,5,Neem_cm_single,12105,0
T011,Habituation,6,Neem_cm_single,13761,0
T011,Habituation,7,Neem_cm_single,3741,0
T011,Habituation,8,Neem_cm_single,5107,0
T011,Habituation,9,Neem_cm_single,2337,0
T011,Habituation,10,Neem_cm_single,8341,0
T011,Test,1,Same_test,4300,0
T011,Test,2,NT_test,10509,0
T011,Test,3,AuditoryControl,4436,0
T011,Test,4,VisualControl,8273,0
T013,PreFam,1,Apple,6597,0
T013,PreFam,2,Ball,13667,0
T013,PreFam,3,Shoe,4702,0
T013,PreFam,4,Dog,2304,0
T013,Habituation,1,Neem_cm_single,3767,0
T013,Habituation,2,Neem_cm_single,2802,0
T013,Habituation,3,Neem_cm_single,4073,0
T013,Habituation,4,Neem_cm_single,12213,0
T013,Habituation,5,Neem_cm_single,11142,0
T013,Habituation,6,Neem_cm_single,13699,0
T013,Habituation,7,Neem_cm_single,3336,0
T013,Habituation,8,Neem_cm_single,13728,0
T013,Habituation,9,Neem_cm_single,4334,0
T013,Habituation,10,Neem_cm_single,2336,0
T013,Habituation,11,Neem_cm_single,2103,0
T013,Habituation,12,Neem_cm_single,2972,0
T013,Habituation,13,Neem_cm_single,1301,0
T013,Test,1,NT_test,8142,0
T013,Test,2,Same_test,1969,0
T013,Test,3,AuditoryControl,1905,0
T013,Test,4,VisualControl,1599,0
T014,PreFam,1,Apple,13629,0
T014,PreFam,2,Ball,13666,0
T014,PreFam,3,Shoe,13729,0
T014,PreFam,4,Dog,13396,0
T014,Habituation,1,Neem_cm_single,13691,0
T014,Habituation,2,Neem_cm_single,13696,0
T014,Habituation,3,Neem_cm_single,13696,0
T014,Habituation,4,Neem_cm_single,13721,0
T014,Habituation,5,Neem_cm_single,13662,0
T014,Habituation,6,Neem_cm_single,8273,0
T014,Habituation,7,Neem_cm_single,13660,0
T014,Habituation,8,Neem_cm_single,11603,0
T014,Habituation,9,Neem_cm_single,6909,0
T014,Habituation,10,Neem_cm_single,7677,0
T014,Habituation,11,Neem_cm_single,12617,0
T014,Habituation,12,Neem_cm_single,11314,0
T014,Habituation,13,Neem_cm_single,10542,0
T014,Habituation,14,Neem_cm_single,4532,0
T014,Habituation,15,Neem_cm_single,2805,0
T014,Habituation,16,Neem_cm_single,4401,0
T014,Test,1,Same_test,4504,0
T014,Test,2,NT_test,13678,0
T014,Test,3,AuditoryControl,13710,0
T014,Test,4,VisualControl,13498,0
T015,PreFam,1,Apple,13664,0
T015,PreFam,2,Ball,13327,0
T015,PreFam,3,Shoe,13532,0
T015,PreFam,4,Dog,13492,0
T015,Habituation,1,Neem_cm_single,13601,0
T015,Habituation,2,Neem_cm_single,13046,0
T015,Habituation,3,Neem_cm_single,13694,0
T015,Habituation,4,Neem_cm_single,13664,0
T015,Habituation,5,Neem_cm_single,8342,0
T015,Habituation,6,Neem_cm_single,13528,0
T015,Habituation,7,Neem_cm_single,5939,0
T015,Habituation,8,Neem_cm_single,10782,0
T015,Habituation,9,Neem_cm_single,11840,0
T015,Habituation,10,Neem_cm_single,13419,0
T015,Habituation,11,Neem_cm_single,13661,0
T015,Habituation,12,Neem_cm_single,2669,0
T015,Habituation,13,Neem_cm_single,12208,0
T015,Habituation,14,Neem_cm_single,8415,0
T015,Habituation,15,Neem_cm_single,2180,0
T015,Test,1,Same_test,3976,0
T015,Test,2,NT_test,6076,0
T015,Test,3,AuditoryControl,4109,0
T015,Test,4,VisualControl,4736,0
T016,PreFam,1,Apple,13530,0
T016,PreFam,2,Ball,11284,0
T016,PreFam,3,Shoe,13594,0
T016,PreFam,4,Dog,13662,0
T016,Habituation,1,Neem_cm_single,9110,0
T016,Habituation,2,Neem_cm_single,6538,0
T016,Habituation,3,Neem_cm_single,4305,0
T016,Habituation,4,Neem_cm_single,3169,0
T016,Habituation,5,Neem_cm_single,3002,0
T016,Habituation,6,Neem_cm_single,5609,0
T016,Habituation,7,Neem_cm_single,1637,0
T016,Habituation,8,Neem_cm_single,1736,0
T016,Habituation,9,Neem_cm_single,2602,0
T016,Habituation,10,Neem_cm_single,2738,0
T016,Test,1,NT_test,6003,0
T016,Test,2,Same_test,5703,0
T016,Test,3,AuditoryControl,4438,0
T016,Test,4,VisualControl,10679,0
T017,PreFam,1,Apple,13430,0
T017,PreFam,2,Ball,13430,0
T017,PreFam,3,Shoe,13431,0
T017,PreFam,4,Dog,13458,0
T017,Habituation,1,Neem_cm_single,11576,0
T017,Habituation,2,Neem_cm_single,4001,0
T017,Habituation,3,Neem_cm_single,6835,0
T017,Habituation,4,Neem_cm_single,3164,0
T017,Habituation,5,Neem_cm_single,11578,0
T017,Habituation,6,Neem_cm_single,8970,0
T017,Habituation,7,Neem_cm_single,7873,0
T017,Habituation,8,Neem_cm_single,4198,0
T017,Habituation,9,Neem_cm_single,7842,0
T017,Habituation,10,Neem_cm_single,1871,0
T017,Habituation,11,Neem_cm_single,0,0
T017,Habituation,12,Neem_cm_single,3333,0
T017,Habituation,13,Neem_cm_single,2039,0
T017,Test,1,NT_test,3200,0
T017,Test,2,Same_test,1476,0
T017,Test,3,AuditoryControl,6976,0
T017,Test,4,VisualControl,7711,0
T018,PreFam,1,Apple,13531,0
T018,PreFam,2,Ball,13298,0
T018,PreFam,3,Shoe,13333,0
T018,PreFam,4,Dog,13434,0
T018,Habituation,1,Neem_cm_single,13300,0
T018,Habituation,2,Neem_cm_single,13261,0
T018,Habituation,3,Neem_cm_single,13162,0
T018,Habituation,4,Neem_cm_single,13362,0
T018,Habituation,5,Neem_cm_single,10475,0
T018,Habituation,6,Neem_cm_single,11377,0
T018,Habituation,7,Neem_cm_single,8507,0
T018,Habituation,8,Neem_cm_single,12850,0
T018,Habituation,9,Neem_cm_single,13426,0
T018,Habituation,10,Neem_cm_single,13094,0
T018,Habituation,11,Neem_cm_single,11575,0
T018,Habituation,12,Neem_cm_single,2000,0
T018,Habituation,13,Neem_cm_single,3503,0
T018,Habituation,14,Neem_cm_single,13241,0
T018,Habituation,15,Neem_cm_single,7077,0
T018,Test,1,Same_test,6477,0
T018,Test,2,NT_test,9408,0
T018,Test,3,AuditoryControl,2733,0
T018,Test,4,VisualControl,6341,0
T020,PreFam,1,Apple,13304,0
T020,PreFam,2,Ball,13401,0
T020,PreFam,3,Shoe,13267,0
T020,PreFam,4,Dog,13232,0
T020,Habituation,1,Neem_cm_single,13335,0
T020,Habituation,2,Neem_cm_single,12280,0
T020,Habituation,3,Neem_cm_single,13493,0
T020,Habituation,4,Neem_cm_single,4711,0
T020,Habituation,5,Neem_cm_single,4268,0
T020,Habituation,6,Neem_cm_single,2532,0
T020,Habituation,7,Neem_cm_single,10780,0
T020,Habituation,8,Neem_cm_single,7511,0
T020,Habituation,9,Neem_cm_single,6802,0
T020,Habituation,10,Neem_cm_single,4070,0
T020,Habituation,11,Neem_cm_single,13429,0
T020,Habituation,12,Neem_cm_single,6038,0
T020,Habituation,13,Neem_cm_single,3903,0
T020,Habituation,14,Neem_cm_single,10241,0
T020,Habituation,15,Neem_cm_single,5172,0
T020,Habituation,16,Neem_cm_single,4144,0
T020,Habituation,17,Neem_cm_single,1568,0
T020,Test,1,NT_test,10245,0
T020,Test,2,Same_test,2372,0
T020,Test,3,AuditoryControl,13464,0
T020,Test,4,VisualControl,8877,0
T021,PreFam,1,Apple,9875,0
T021,PreFam,2,Ball,2101,0
T021,PreFam,3,Shoe,12045,0
T021,PreFam,4,Dog,6606,0
T021,Habituation,1,Neem_cm_single,6575,0
T021,Habituation,2,Neem_cm_single,5406,0
T021,Habituation,3,Neem_cm_single,13043,0
T021,Habituation,4,Neem_cm_single,5112,0
T021,Habituation,5,Neem_cm_single,6642,0
T021,Habituation,6,Neem_cm_single,11633,0
T021,Habituation,7,Neem_cm_single,4602,0
T021,Habituation,8,Neem_cm_single,3238,0
T021,Habituation,9,Neem_cm_single,4134,0
T021,Habituation,10,Neem_cm_single,3541,0
T021,Habituation,11,Neem_cm_single,2366,0
T021,Test,1,NT_test,6464,0
T021,Test,2,Same_test,2305,0
T021,Test,3,AuditoryControl,1869,0
T021,Test,4,VisualControl,5737,0
T022,PreFam,1,Apple,13261,0
T022,PreFam,2,Ball,13397,0
T022,PreFam,3,Shoe,11270,0
T022,PreFam,4,Dog,11582,0
T022,Habituation,1,Neem_cm_single,6540,0
T022,Habituation,2,Neem_cm_single,12379,0
T022,Habituation,3,Neem_cm_single,13363,0
T022,Habituation,4,Neem_cm_single,11978,0
T022,Habituation,5,Neem_cm_single,6811,0
T022,Habituation,6,Neem_cm_single,8004,0
T022,Habituation,7,Neem_cm_single,3961,0
T022,Habituation,8,Neem_cm_single,3939,0
T022,Habituation,9,Neem_cm_single,6739,0
T022,Habituation,10,Neem_cm_single,3969,0
T022,Test,1,Same_test,12382,0
T022,Test,2,NT_test,11940,0
T022,Test,3,AuditoryControl,11879,0
T022,Test,4,VisualControl,13490,0
T024,PreFam,1,Apple,13463,0
T024,PreFam,2,Ball,13431,0
T024,PreFam,3,Shoe,13461,0
T024,PreFam,4,Dog,13500,0
T024,Habituation,1,Neem_cm_single,13367,0
T024,Habituation,2,Neem_cm_single,13398,0
T024,Habituation,3,Neem_cm_single,12780,0
T024,Habituation,4,Neem_cm_single,12830,0
T024,Habituation,5,Neem_cm_single,13310,0
T024,Habituation,6,Neem_cm_single,5670,0
T024,Habituation,7,Neem_cm_single,8503,0
T024,Habituation,8,Neem_cm_single,10845,0
T024,Habituation,9,Neem_cm_single,7369,0
T024,Habituation,10,Neem_cm_single,5530,0
T024,Habituation,11,Neem_cm_single,13261,0
T024,Habituation,12,Neem_cm_single,12040,0
T024,Habituation,13,Neem_cm_single,3873,0
T024,Habituation,14,Neem_cm_single,13392,0
T024,Habituation,15,Neem_cm_single,2900,0
T024,Habituation,16,Neem_cm_single,5431,0
T024,Test,1,NT_test,7874,0
T024,Test,2,Same_test,3197,0
T024,Test,3,AuditoryControl,13508,0
T024,Test,4,VisualControl,5344,0
T025,PreFam,1,Apple,11178,0
T025,PreFam,2,Ball,4372,0
T025,PreFam,3,Shoe,4572,0
T025,PreFam,4,Dog,13566,0
T025,Habituation,1,Neem_cm_single,8572,0
T025,Habituation,2,Neem_cm_single,5970,0
T025,Habituation,3,Neem_cm_single,2042,0
T025,Habituation,4,Neem_cm_single,11075,0
T025,Habituation,5,Neem_cm_single,7771,0
T025,Habituation,6,Neem_cm_single,0,0
T025,Habituation,7,Neem_cm_single,2006,0
T025,Habituation,8,Neem_cm_single,2227,0
T025,Habituation,9,Neem_cm_single,1570,0
T025,Test,1,Same_test,4940,0
T025,Test,2,NT_test,4346,0
T026,PreFam,1,Apple,3101,0
T026,PreFam,2,Ball,4602,0
T026,PreFam,3,Shoe,12928,0
T026,PreFam,4,Dog,7307,0
T026,Habituation,1,Neem_cm_single,6637,0
T026,Habituation,2,Neem_cm_single,1962,0
T026,Habituation,3,Neem_cm_single,11745,0
T026,Habituation,4,Neem_cm_single,5970,0
T026,Habituation,5,Neem_cm_single,2435,0
T026,Habituation,6,Neem_cm_single,11112,0
T026,Habituation,7,Neem_cm_single,3471,0
T026,Habituation,8,Neem_cm_single,3038,0
T026,Habituation,9,Neem_cm_single,12853,0
T026,Habituation,10,Neem_cm_single,10677,0
T026,Habituation,11,Neem_cm_single,12311,0
T026,Habituation,12,Neem_cm_single,2670,0
T026,Habituation,13,Neem_cm_single,3574,0
T026,Habituation,14,Neem_cm_single,5536,0
T026,Habituation,15,Neem_cm_single,11281,0
T026,Habituation,16,Neem_cm_single,6129,0
T026,Habituation,17,Neem_cm_single,1667,0
T026,Habituation,18,Neem_cm_single,3204,0
T026,Habituation,19,Neem_cm_single,11782,0
T026,Habituation,20,Neem_cm_single,2134,0
T026,Habituation,21,Neem_cm_single,2168,0
T026,Habituation,22,Neem_cm_single,2101,0
T026,Habituation,23,Neem_cm_single,3669,0
T026,Test,1,Same_test,7539,0
T026,Test,2,NT_test,6877,0
T026,Test,3,AuditoryControl,5431,0
T026,Test,4,VisualControl,2766,0
T027,PreFam,1,Apple,13062,0
T027,PreFam,2,Ball,13698,0
T027,PreFam,3,Shoe,13694,0
T027,PreFam,4,Dog,13698,0
T027,Habituation,1,Neem_cm_single,13629,0
T027,Habituation,2,Neem_cm_single,13766,0
T027,Habituation,3,Neem_cm_single,8607,0
T027,Habituation,4,Neem_cm_single,8577,0
T027,Habituation,5,Neem_cm_single,3870,0
T027,Habituation,6,Neem_cm_single,6336,0
T027,Habituation,7,Neem_cm_single,12210,0
T027,Habituation,8,Neem_cm_single,7872,0
T027,Habituation,9,Neem_cm_single,7903,0
T027,Habituation,10,Neem_cm_single,5671,0
T027,Habituation,11,Neem_cm_single,7571,0
T027,Habituation,12,Neem_cm_single,5067,0
T027,Habituation,13,Neem_cm_single,5674,0
T027,Habituation,14,Neem_cm_single,4369,0
T027,Habituation,15,Neem_cm_single,13733,0
T027,Habituation,16,Neem_cm_single,3370,0
T027,Habituation,17,Neem_cm_single,4299,0
T027,Habituation,18,Neem_cm_single,13763,0
T027,Habituation,19,Neem_cm_single,11080,0
T027,Habituation,20,Neem_cm_single,6008,0
T027,Habituation,21,Neem_cm_single,13729,0
T027,Habituation,22,Neem_cm_single,13730,0
T027,Habituation,23,Neem_cm_single,3917,0
T027,Habituation,24,Neem_cm_single,5373,0
T027,Habituation,25,Neem_cm_single,2133,0
T027,Habituation,26,Neem_cm_single,4505,0
T027,Test,1,NT_test,6303,0
T027,Test,2,Same_test,3473,0
T027,Test,3,AuditoryControl,13717,0
T027,Test,4,VisualControl,4072,0
T028,PreFam,1,Apple,13529,0
T028,PreFam,2,Ball,10408,0
T028,PreFam,3,Shoe,13663,0
T028,PreFam,4,Dog,13603,0
T028,Habituation,1,Neem_cm_single,13632,0
T028,Habituation,2,Neem_cm_single,12411,0
T028,Habituation,3,Neem_cm_single,4833,0
T028,Habituation,4,Neem_cm_single,12846,0
T028,Habituation,5,Neem_cm_single,13759,0
T028,Habituation,6,Neem_cm_single,13700,0
T028,Habituation,7,Neem_cm_single,3704,0
T028,Habituation,8,Neem_cm_single,11314,0
T028,Habituation,9,Neem_cm_single,11903,0
T028,Habituation,10,Neem_cm_single,12541,0
T028,Habituation,11,Neem_cm_single,6535,0
T028,Habituation,12,Neem_cm_single,8078,0
T028,Habituation,13,Neem_cm_single,13733,0
T028,Habituation,14,Neem_cm_single,8040,0
T028,Habituation,15,Neem_cm_single,7169,0
T028,Habituation,16,Neem_cm_single,11278,0
T028,Habituation,17,Neem_cm_single,3070,0
T028,Habituation,18,Neem_cm_single,2299,0
T028,Habituation,19,Neem_cm_single,2266,0
T028,Test,1,Same_test,6437,0
T028,Test,2,NT_test,8608,0
T028,Test,3,AuditoryControl,9811,0
T028,Test,4,VisualControl,10205,0
T030,PreFam,1,Apple,13728,0
T030,PreFam,2,Ball,13694,0
T030,PreFam,3,Shoe,13695,0
T030,PreFam,4,Dog,13139,0
T030,Habituation,1,Neem_cm_single,9007,0
T030,Habituation,2,Neem_cm_single,12644,0
T030,Habituation,3,Neem_cm_single,13696,0
T030,Habituation,4,Neem_cm_single,8644,0
T030,Habituation,5,Neem_cm_single,8381,0
T030,Habituation,6,Neem_cm_single,7107,0
T030,Habituation,7,Neem_cm_single,13733,0
T030,Habituation,8,Neem_cm_single,7569,0
T030,Habituation,9,Neem_cm_single,12679,0
T030,Habituation,10,Neem_cm_single,12142,0
T030,Habituation,11,Neem_cm_single,2531,0
T030,Habituation,12,Neem_cm_single,3773,0
T030,Habituation,13,Neem_cm_single,7243,0
T030,Habituation,14,Neem_cm_single,11188,0
T030,Habituation,15,Neem_cm_single,5037,0
T030,Habituation,16,Neem_cm_single,3000,0
T030,Habituation,17,Neem_cm_single,3733,0
T030,Habituation,18,Neem_cm_single,4072,0
T030,Test,1,NT_test,13016,0
T030,Test,2,Same_test,4501,0
T030,Test,3,AuditoryControl,13713,0
T030,Test,4,VisualControl,13673,0
T031,PreFam,1,Apple,13164,0
T031,PreFam,2,Ball,5004,0
T031,PreFam,3,Shoe,13698,0
T031,PreFam,4,Dog,13627,0
T031,Habituation,1,Neem_cm_single,13667,0
T031,Habituation,2,Neem_cm_single,4671,0
T031,Habituation,3,Neem_cm_single,13794,0
T031,Habituation,4,Neem_cm_single,8311,0
T031,Habituation,5,Neem_cm_single,13665,0
T031,Habituation,6,Neem_cm_single,9278,0
T031,Habituation,7,Neem_cm_single,6139,0
T031,Habituation,8,Neem_cm_single,5140,0
T031,Habituation,9,Neem_cm_single,4707,0
T031,Habituation,10,Neem_cm_single,8139,0
T031,Habituation,11,Neem_cm_single,4475,0
T031,Habituation,12,Neem_cm_single,13567,0
T031,Habituation,13,Neem_cm_single,3105,0
T031,Habituation,14,Neem_cm_single,13759,0
T031,Habituation,15,Neem_cm_single,3139,0
T031,Habituation,16,Neem_cm_single,5537,0
T031,Habituation,17,Neem_cm_single,4301,0
T031,Habituation,18,Neem_cm_single,1005,0
T031,Test,1,NT_test,4634,0
T031,Test,2,Same_test,2703,0
T031,Test,3,AuditoryControl,6672,0
T031,Test,4,VisualControl,4742,0
T033,PreFam,1,Apple,13630,0
T033,PreFam,2,Ball,13529,0
T033,PreFam,3,Shoe,13594,0
T033,PreFam,4,Dog,13597,0
T033,Habituation,1,Neem_cm_single,13561,0
T033,Habituation,2,Neem_cm_single,9714,0
T033,Habituation,3,Neem_cm_single,3065,0
T033,Habituation,4,Neem_cm_single,3173,0
T033,Habituation,5,Neem_cm_single,3169,0
T033,Habituation,6,Neem_cm_single,13764,0
T033,Habituation,7,Neem_cm_single,13413,0
T033,Habituation,8,Neem_cm_single,11148,0
T033,Habituation,9,Neem_cm_single,13718,0
T033,Habituation,10,Neem_cm_single,13108,0
T033,Habituation,11,Neem_cm_single,9137,0
T033,Habituation,12,Neem_cm_single,2567,0
T033,Habituation,13,Neem_cm_single,2365,0
T033,Habituation,14,Neem_cm_single,3605,0
T033,Habituation,15,Neem_cm_single,2702,0
T033,Test,1,Same_test,2134,0
T033,Test,2,NT_test,4103,0
T033,Test,3,AuditoryControl,2738,0
T033,Test,4,VisualControl,2310,0
T035,PreFam,1,Apple,13501,0
T035,PreFam,2,Ball,5203,0
T035,PreFam,3,Shoe,6670,0
T035,PreFam,4,Dog,7973,0
T035,Habituation,1,Neem_cm_single,7734,0
T035,Habituation,2,Neem_cm_single,5067,0
T035,Habituation,3,Neem_cm_single,7308,0
T035,Habituation,4,Neem_cm_single,7042,0
T035,Habituation,5,Neem_cm_single,5266,0
T035,Habituation,6,Neem_cm_single,2170,0
T035,Habituation,7,Neem_cm_single,3569,0
T035,Habituation,8,Neem_cm_single,3936,0
T035,Habituation,9,Neem_cm_single,6600,0
T035,Habituation,10,Neem_cm_single,1737,0
T035,Habituation,11,Neem_cm_single,7203,0
T035,Habituation,12,Neem_cm_single,2199,0
T035,Habituation,13,Neem_cm_single,2400,0
T035,Test,1,Same_test,7979,0
T035,Test,2,NT_test,11279,0
T035,Test,3,AuditoryControl,12784,0
T035,Test,4,VisualControl,4570,0
T036,PreFam,1,Apple,13666,0
T036,PreFam,2,Ball,3903,0
T036,PreFam,3,Shoe,13666,0
T036,PreFam,4,Dog,6242,0
T036,Habituation,1,Neem_cm_single,7045,0
T036,Habituation,2,Neem_cm_single,11584,0
T036,Habituation,3,Neem_cm_single,13733,0
T036,Habituation,4,Neem_cm_single,13509,0
T036,Habituation,5,Neem_cm_single,13799,0
T036,Habituation,6,Neem_cm_single,2301,0
T036,Habituation,7,Neem_cm_single,2800,0
T036,Habituation,8,Neem_cm_single,2400,0
T036,Test,1,NT_test,3934,0
T036,Test,2,Same_test,6678,0
T036,Test,3,AuditoryControl,12908,0
T036,Test,4,VisualControl,7705,0
T037,PreFam,1,Apple,13529,0
T037,PreFam,2,Ball,10513,0
T037,PreFam,3,Shoe,13697,0
T037,PreFam,4,Dog,13691,0
T037,Habituation,1,Neem_cm_within1,13701,0
T037,Habituation,2,Neem_cm_within2,13698,0
T037,Habituation,3,Neem_cm_within3,13694,0
T037,Habituation,4,Neem_cm_within4,13636,0
T037,Habituation,5,Neem_cm_within5,13560,0
T037,Habituation,6,Neem_cm_within6,9937,0
T037,Habituation,7,Neem_cm_within7,4442,0
T037,Habituation,8,Neem_cm_within8,2666,0
T037,Habituation,9,Neem_cm_within9,9037,0
T037,Test,1,Same_test,3066,0
T037,Test,2,NT_test,13746,0
T037,Test,3,AuditoryControl,11772,0
T037,Test,4,VisualControl,5708,0
T038,PreFam,1,Apple,4803,0
T038,PreFam,2,Ball,13728,0
T038,PreFam,3,Shoe,4437,0
T038,PreFam,4,Dog,13482,0
T038,Habituation,1,Neem_cm_within1,13726,0
T038,Habituation,2,Neem_cm_within2,2900,0
T038,Habituation,3,Neem_cm_within3,5469,0
T038,Habituation,4,Neem_cm_within4,3275,0
T038,Habituation,5,Neem_cm_within5,4309,0
T038,Habituation,6,Neem_cm_within6,3779,0
T038,Habituation,7,Neem_cm_within7,3675,0
T038,Habituation,8,Neem_cm_within8,2468,0
T038,Habituation,9,Neem_cm_within9,2540,0
T038,Test,1,NT_test,3142,0
T038,Test,2,Same_test,1229,0
T038,Test,3,AuditoryControl,2171,0
T038,Test,4,VisualControl,13731,0
T039,PreFam,1,Apple,10843,0
T039,PreFam,2,Ball,4337,0
T039,PreFam,3,Shoe,6507,0
T039,PreFam,4,Dog,10872,0
T039,Habituation,1,Neem_cm_within2,4309,0
T039,Habituation,2,Neem_cm_within2,5208,0
T039,Habituation,3,Neem_cm_within2,5807,0
T039,Habituation,4,Neem_cm_within12,3307,0
T039,Habituation,5,Neem_cm_within14,2408,0
T039,Habituation,6,Neem_cm_within6,2768,0
T039,Habituation,7,Neem_cm_within12,2933,0
T039,Habituation,8,Neem_cm_within1,8876,0
T039,Habituation,9,Neem_cm_within8,4673,0
T039,Habituation,10,Neem_cm_within10,7802,0
T039,Habituation,11,Neem_cm_within2,1133,0
T039,Habituation,12,Neem_cm_within3,2534,0
T039,Habituation,13,Neem_cm_within1,3238,0
T040,PreFam,1,Apple,13461,0
T040,PreFam,2,Ball,6744,0
T040,PreFam,3,Shoe,13594,0
T040,PreFam,4,Dog,13600,0
T040,Habituation,1,Lof_hg_3,13533,0
T040,Habituation,2,Lof_hg_5,13635,0
T040,Habituation,3,Lof_hg_15,7837,0
T040,Habituation,4,Lof_hg_14,5368,0
T040,Habituation,5,Log_hg_1,7205,0
T040,Habituation,6,Lof_hg_5,5742,0
T040,Habituation,7,Lof_hg_5,6008,0
T040,Habituation,8,Lof_hg_10,2234,0
T040,Habituation,9,Lof_hg_12,4005,0
T040,Test,1,NT_test,2801,0
T040,Test,2,Same_test,6808,0
T040,Test,3,AuditoryControl,6105,0
T040,Test,4,VisualControl,8571,0
T041,PreFam,1,Apple,13630,0
T041,PreFam,2,Ball,13730,0
T041,PreFam,3,Shoe,13667,0
T041,PreFam,4,Dog,13699,0
T041,Habituation,1,Neem_cm_within10,8943,0
T041,Habituation,2,Neem_cm_within12,13729,0
T041,Habituation,3,Neem_cm_within2,7900,0
T041,Habituation,4,Neem_cm_within8,8137,0
T041,Habituation,5,Neem_cm_within6,5066,0
T041,Habituation,6,Neem_cm_within5,3803,0
T041,Habituation,7,Neem_cm_within5,3103,0
T041,Habituation,8,Neem_cm_within5,2168,0
T041,Test,1,Same_test,3573,0
T041,Test,2,NT_test,2071,0
T041,Test,3,AuditoryControl,2202,0
T041,Test,4,VisualControl,3570,0
T044,PreFam,1,Apple,12752,0
T044,PreFam,2,Ball,8234,0
T044,PreFam,3,Shoe,5968,0
T044,PreFam,4,Dog,4572,0
T044,Habituation,1,Neem_bt_within13,4644,0
T044,Habituation,2,Neem_bt_within1,3798,0
T044,Habituation,3,Neem_bt_within15,4577,0
T044,Habituation,4,Neem_bt_within5,4602,0
T044,Habituation,5,Neem_bt_within9,4277,0
T044,Habituation,6,Neem_bt_within11,2570,0
T044,Habituation,7,Neem_bt_within6,3609,0
T044,Habituation,8,Neem_bt_within14,8981,0
T044,Habituation,9,Neem_bt_within6,13859,0
T044,Habituation,10,Neem_bt_within5,9308,0
T044,Habituation,11,Neem_bt_within3,2240,0
T044,Habituation,12,Neem_bt_within1,1831,0
T044,Habituation,13,Neem_bt_within15,5134,0
T044,Habituation,14,Neem_bt_within1,2934,0
T044,Habituation,15,Neem_bt_within9,7180,0
T044,Habituation,16,Neem_bt_within11,6471,0
T044,Habituation,17,Neem_bt_within15,3165,0
T044,Habituation,18,Neem_bt_within12,13826,0
T044,Habituation,19,Neem_bt_within2,2834,0
T044,Habituation,20,Neem_bt_within11,2301,0
T044,Habituation,21,Neem_bt_within6,8880,0
T044,Habituation,22,Neem_bt_within8,1666,0
T044,Habituation,23,Neem_bt_within11,1935,0
T044,Habituation,24,Neem_bt_within15,2535,0
T044,Habituation,25,Neem_bt_within8,2534,0
T044,Test,1,Same_test,3505,0
T044,Test,2,NT_test,4561,0
T044,Test,3,AuditoryControl,8441,0
T044,Test,4,VisualControl,13729,0
T045,PreFam,1,Apple,13740,0
T045,PreFam,2,Ball,13732,0
T045,PreFam,3,Shoe,12082,0
T045,PreFam,4,Dog,13695,0
T045,Habituation,1,Neem_bt_within6,6940,0
T045,Habituation,2,Neem_bt_within5,4510,0
T045,Habituation,3,Neem_bt_within15,7406,0
T045,Habituation,4,Neem_bt_within2,2613,0
T045,Habituation,5,Neem_bt_within15,13583,0
T045,Habituation,6,Neem_bt_within11,13043,0
T045,Habituation,7,Neem_bt_within10,3869,0
T045,Habituation,8,Neem_bt_within10,10183,0
T045,Habituation,9,Neem_bt_within4,2368,0
T045,Habituation,10,Neem_bt_within2,6343,0
T045,Habituation,11,Neem_bt_within13,4908,0
T045,Habituation,12,Neem_bt_within3,1195,0
T045,Habituation,13,Neem_bt_within2,8945,0
T045,Habituation,14,Neem_bt_within13,4470,0
T045,Habituation,15,Neem_bt_within3,13602,0
T045,Habituation,16,Neem_bt_within7,13766,0
T045,Habituation,17,Neem_bt_within7,10514,0
T045,Habituation,18,Neem_bt_within8,13466,0
T045,Habituation,19,Neem_bt_within8,1673,0
T045,Habituation,20,Neem_bt_within4,2173,0
T045,Habituation,21,Neem_bt_within9,2383,0
T045,Habituation,22,Neem_bt_within11,1202,0
T046,PreFam,1,Apple,13762,0
T046,PreFam,2,Ball,13698,0
T046,PreFam,3,Shoe,13728,0
T046,PreFam,4,Dog,13631,0
T046,Habituation,1,Neem_bt_within1,13669,0
T046,Habituation,2,Neem_bt_within12,13601,0
T046,Habituation,3,Neem_bt_within3,6102,0
T046,Habituation,4,Neem_bt_within10,3267,0
T046,Habituation,5,Neem_bt_within15,2403,0
T046,Habituation,6,Neem_bt_within3,11882,0
T046,Habituation,7,Neem_bt_within11,2834,0
T046,Habituation,8,Neem_bt_within12,4784,0
T046,Habituation,9,Neem_bt_within11,9171,0
T046,Habituation,10,Neem_bt_within2,7503,0
T046,Habituation,11,Neem_bt_within13,7003,0
T046,Habituation,12,Neem_bt_within3,5913,0
T046,Habituation,13,Neem_bt_within8,6105,0
T046,Habituation,14,Neem_bt_within9,12810,0
T046,Habituation,15,Neem_bt_within4,8201,0
T046,Habituation,16,Neem_bt_within4,1402,0
T046,Habituation,17,Neem_bt_within11,6174,0
T046,Habituation,18,Neem_bt_within3,5974,0
T046,Habituation,19,Neem_bt_within15,1630,0
T046,Test,1,Same_test,2267,0
T046,Test,2,NT_test,2875,0
T046,Test,3,AuditoryControl,6237,0
T046,Test,4,VisualControl,11476,0
T048,PreFam,1,Apple,5208,0
T048,PreFam,2,Ball,13793,0
T048,PreFam,3,Shoe,9078,0
T048,PreFam,4,Dog,13829,0
T048,Habituation,1,Neem_bt_within2,9378,0
T048,Habituation,2,Neem_bt_within10,1094,0
T048,Habituation,3,Neem_bt_within11,13800,0
T048,Habituation,4,Neem_bt_within12,13758,0
T048,Habituation,5,Neem_bt_within13,4299,0
T048,Habituation,6,Neem_bt_within14,8759,0
T048,Habituation,7,Neem_bt_within1,2477,0
T048,Habituation,8,Neem_bt_within9,8411,0
T048,Habituation,9,Neem_bt_within5,6336,0
T048,Habituation,10,Neem_bt_within9,11709,0
T048,Habituation,11,Neem_bt_within2,13836,0
T048,Habituation,12,Neem_bt_within13,4566,0
T048,Habituation,13,Neem_bt_within8,4137,0
T048,Habituation,14,Neem_bt_within5,13699,0
T048,Habituation,15,Neem_bt_within6,3604,0
T048,Habituation,16,Neem_bt_within8,13830,0
T048,Habituation,17,Neem_bt_within1,3901,0
T048,Habituation,18,Neem_bt_within4,4868,0
T048,Habituation,19,Neem_bt_within2,5775,0
T048,Habituation,20,Neem_bt_within15,5472,0
T048,Habituation,21,Neem_bt_within7,11612,0
T048,Habituation,22,Neem_bt_within13,3072,0
T048,Habituation,23,Neem_bt_within5,13792,0
T048,Habituation,24,Neem_bt_within1,5376,0
T048,Habituation,25,Neem_bt_within13,2403,0
T048,Habituation,26,Neem_bt_within1,4769,0
T048,Habituation,27,Neem_bt_within9,0,0
T048,Habituation,28,Neem_bt_within10,5815,0
T048,Test,1,NT_test,7604,0
T049,PreFam,1,Apple,13749,0
T049,PreFam,2,Ball,11120,0
T049,PreFam,3,Shoe,13731,0
T049,PreFam,4,Dog,12888,0
T049,Habituation,1,Neem_bt_within15,13756,0
T049,Habituation,2,Neem_bt_within9,11540,0
T049,Habituation,3,Neem_bt_within11,10874,0
T049,Habituation,4,Neem_bt_within1,10211,0
T049,Habituation,5,Neem_bt_within13,3637,0
T049,Habituation,6,Neem_bt_within6,6603,0
T049,Habituation,7,Neem_bt_within11,4569,0
T049,Habituation,8,Neem_bt_within8,11082,0
T049,Habituation,9,Neem_bt_within7,5903,0
T049,Habituation,10,Neem_bt_within5,2808,0
T049,Habituation,11,Neem_bt_within3,3302,0
T049,Test,1,NT_test,3620,0
T049,Test,2,Same_test,3500,0
T049,Test,3,AuditoryControl,3640,0
T049,Test,4,VisualControl,4604,0
T050,PreFam,1,Apple_bt,10713,0
T050,PreFam,2,Ball_bt,13477,0
T050,PreFam,3,Shoe_bt,13765,0
T050,PreFam,4,Dog_bt,13763,0
T050,Habituation,1,Lof_bt_2,13698,0
T050,Habituation,2,Lof_bt_2,13765,0
T050,Habituation,3,Lof_bt_9,13533,0
T050,Habituation,4,Lof_bt_11,13670,0
T050,Habituation,5,Lof_bt_1,10470,0
T050,Habituation,6,Lof_bt_14,12212,0
T050,Habituation,7,Lof_bt_3,13630,0
T050,Habituation,8,Lof_bt_5,6504,0
T050,Habituation,9,Lof_bt_9,7746,0
T050,Habituation,10,Lof_bt_1,5377,0
T050,Habituation,11,Lof_bt_7,8214,0
T050,Habituation,12,Lof_bt_9,7811,0
T050,Habituation,13,Lof_bt_13,6508,0
T050,Habituation,14,Lof_bt_12,1664,0
T050,Test,1,Same_test,7439,0
T050,Test,2,NT_test,5471,0
T050,Test,3,AuditoryControl,13801,0
T050,Test,4,VisualControl,11971,0
T051,PreFam,1,Apple_bt,13776,0
T051,PreFam,2,Ball_bt,13694,0
T051,PreFam,3,Shoe_bt,13689,0
T051,PreFam,4,Dog_bt,13697,0
T051,Habituation,1,Lof_bt_12,13762,0
T051,Habituation,2,Lof_bt_12,13799,0
T051,Habituation,3,Lof_bt_15,13661,0
T051,Habituation,4,Lof_bt_7,10474,0
T051,Habituation,5,Lof_bt_10,13633,0
T051,Habituation,6,Lof_bt_8,13700,0
T051,Habituation,7,Lof_bt_3,13665,0
T051,Habituation,8,Lof_bt_5,10152,0
T051,Habituation,9,Lof_bt_1,7740,0
T051,Habituation,10,Lof_bt_1,13761,0
T051,Habituation,11,Lof_bt_9,13796,0
T051,Habituation,12,Lof_bt_5,4877,0
T051,Habituation,13,Lof_bt_4,13728,0
T051,Habituation,14,Lof_bt_9,8909,0
T051,Habituation,15,Lof_bt_8,13762,0
T051,Habituation,16,Lof_bt_3,3471,0
T051,Habituation,17,Lof_bt_7,13665,0
T051,Habituation,18,Lof_bt_10,13630,0
T051,Habituation,19,Lof_bt_8,13593,0
T051,Habituation,20,Lof_bt_5,7410,0
T051,Habituation,21,Lof_bt_3,10439,0
T051,Habituation,22,Lof_bt_15,2803,0
T051,Habituation,23,Lof_bt_4,6672,0
T051,Habituation,24,Lof_bt_8,7110,0
T051,Habituation,25,Lof_bt_9,11950,0
T051,Habituation,26,Lof_bt_2,5535,0
T051,Habituation,27,Lof_bt_13,1134,0
T051,Test,1,Same_test,1164,0
T051,Test,2,NT_test,3236,0
T051,Test,3,AuditoryControl,2836,0
T051,Test,4,VisualControl,8879,0
T052,PreFam,1,Apple_bt,13763,0
T052,PreFam,2,Ball_bt,13634,0
T052,PreFam,3,Shoe_bt,13697,0
T052,PreFam,4,Dog_bt,13666,0
T052,Habituation,1,Lof_bt_15,13697,0
T052,Habituation,2,Lof_bt_9,13660,0
T052,Habituation,3,Lof_bt_6,13664,0
T052,Habituation,4,Lof_bt_13,13631,0
T052,Habituation,5,Lof_bt_8,13729,0
T052,Habituation,6,Lof_bt_8,13697,0
T052,Habituation,7,Lof_bt_15,13697,0
T052,Habituation,8,Lof_bt_8,13765,0
T052,Habituation,9,Lof_bt_4,13763,0
T052,Habituation,10,Lof_bt_12,13633,0
T052,Habituation,11,Lof_bt_8,7570,0
T052,Habituation,12,Lof_bt_15,13664,0
T052,Habituation,13,Lof_bt_12,13729,0
T052,Habituation,14,Lof_bt_15,13415,0
T052,Habituation,15,Lof_bt_7,3233,0
T052,Habituation,16,Lof_bt_7,13830,0
T052,Habituation,17,Lof_bt_4,13731,0
T052,Habituation,18,Lof_bt_6,13734,0
T052,Habituation,19,Lof_bt_7,4236,0
T052,Habituation,20,Lof_bt_7,13799,0
T052,Habituation,21,Lof_bt_9,13663,0
T052,Habituation,22,Lof_bt_2,13280,0
T052,Habituation,23,Lof_bt_3,3975,0
T052,Habituation,24,Lof_bt_10,12148,0
T052,Habituation,25,Lof_bt_8,6038,0
T052,Habituation,26,Lof_bt_14,3199,0
T052,Test,1,NT_test,13749,0
T052,Test,2,Same_test,13714,0
T052,Test,3,AuditoryControl,13656,0
T052,Test,4,VisualControl,11373,0
T054,PreFam,1,Apple,4037,0
T054,PreFam,2,Ball,2810,0
T054,PreFam,3,Shoe,10139,0
T054,PreFam,4,Dog,3873,0
T054,Habituation,1,Neem_bt_within7,6871,0
T054,Habituation,2,Neem_bt_within3,2964,0
T054,Habituation,3,Neem_bt_within7,6174,0
T054,Habituation,4,Neem_bt_within4,4344,0
T054,Habituation,5,Neem_bt_within15,2641,0
T054,Habituation,6,Neem_bt_within5,2429,0
T054,Habituation,7,Neem_bt_within11,3970,0
T054,Habituation,8,Neem_bt_within6,5771,0
T054,Habituation,9,Neem_bt_within13,5537,0
T054,Habituation,10,Neem_bt_within5,3799,0
T054,Habituation,11,Neem_bt_within9,3637,0
T054,Habituation,12,Neem_bt_within11,3131,0
T054,Habituation,13,Neem_bt_within9,2672,0
T054,Habituation,14,Neem_bt_within8,1973,0
T054,Habituation,15,Neem_bt_within3,2872,0
T054,Habituation,16,Neem_bt_within8,1633,0
T054,Test,1,Same_test,7709,0
T054,Test,2,NT_test,2906,0
T054,Test,3,AuditoryControl,2305,0
T054,Test,4,VisualControl,13598,0
T055,PreFam,1,Apple,13681,0
T055,PreFam,2,Ball,13554,0
T055,PreFam,3,Shoe,13656,0
T055,PreFam,4,Dog,10806,0
T055,Habituation,1,Neem_cm_within6,13448,0
T055,Habituation,2,Neem_cm_within1,13566,0
T055,Habituation,3,Neem_cm_within8,2966,0
T055,Habituation,4,Neem_cm_within12,6407,0
T055,Habituation,5,Neem_cm_within4,6437,0
T055,Habituation,6,Neem_cm_within10,4507,0
T055,Habituation,7,Neem_cm_within11,4138,0
T055,Habituation,8,Neem_cm_within11,1233,0
T055,Test,1,NT_test,1003,0
T055,Test,2,Same_test,1792,0
T055,Test,3,AuditoryControl,1367,0
T055,Test,4,VisualControl,3031,0
T056,PreFam,1,Apple,10677,0
T056,PreFam,2,Ball,13595,0
T056,PreFam,3,Shoe,9108,0
T056,PreFam,4,Dog,13730,0
T056,Habituation,1,Lof_hg_11,13531,0
T056,Habituation,2,Lof_hg_7,13626,0
T056,Habituation,3,Lof_hg_6,13526,0
T056,Habituation,4,Lof_hg_6,13631,0
T056,Habituation,5,Lof_hg_9,8103,0
T056,Habituation,6,Lof_hg_3,13696,0
T056,Habituation,7,Lof_hg_14,5465,0
T056,Habituation,8,Lof_hg_13,5739,0
T056,Habituation,9,Lof_hg_9,7710,0
T056,Habituation,10,Lof_hg_14,6978,0
T056,Test,1,Same_test,12380,0
T056,Test,2,NT_test,13669,0
T056,Test,3,AuditoryControl,13642,0
T056,Test,4,VisualControl,13599,0
T057,PreFam,1,Apple,13696,0
T057,PreFam,2,Ball,13285,0
T057,PreFam,3,Shoe,13075,0
T057,PreFam,4,Dog,13663,0
T057,Habituation,1,Lof_hg_9,10540,0
T057,Habituation,2,Lof_hg_12,2575,0
T057,Habituation,3,Lof_hg_14,4844,0
T057,Habituation,4,Lof_hg_6,5703,0
T057,Habituation,5,Log_hg_1,13409,0
T057,Habituation,6,Lof_hg_13,5767,0
T057,Habituation,7,Lof_hg_2,4970,0
T057,Habituation,8,Lof_hg_5,5175,0
T057,Habituation,9,Lof_hg_12,3962,0
T057,Habituation,10,Lof_hg_4,4503,0
T057,Habituation,11,Lof_hg_10,4038,0
T057,Habituation,12,Lof_hg_7,4842,0
T057,Habituation,13,Lof_hg_14,2474,0
T057,Habituation,14,Lof_hg_3,1305,0
T057,Habituation,15,Lof_hg_3,3970,0
T057,Habituation,16,Lof_hg_6,4275,0
T057,Habituation,17,Lof_hg_10,1092,0
T057,Test,1,NT_test,5342,0
T057,Test,2,Same_test,7572,0
T057,Test,3,AuditoryControl,2138,0
T057,Test,4,VisualControl,13767,0
T058,PreFam,1,Apple,13532,0
T058,PreFam,2,Ball,13702,0
T058,PreFam,3,Shoe,13468,0
T058,PreFam,4,Dog,13433,0
T058,Habituation,1,Neem_bt_within15,13601,0
T058,Habituation,2,Neem_bt_within13,13598,0
T058,Habituation,3,Neem_bt_within6,10178,0
T058,Habituation,4,Neem_bt_within8,12813,0
T058,Habituation,5,Neem_bt_within15,8039,0
T058,Habituation,6,Neem_bt_within1,2168,0
T058,Habituation,7,Neem_bt_within3,2330,0
T058,Habituation,8,Neem_bt_within3,13766,0
T058,Habituation,9,Neem_bt_within6,4307,0
T058,Test,1,NT_test,4275,0
T058,Test,2,Same_test,4000,0
T058,Test,3,AuditoryControl,3363,0
T058,Test,4,VisualControl,13765,0
T059,PreFam,1,Apple,13735,0
T059,PreFam,2,Ball,13701,0
T059,PreFam,3,Shoe,8142,0
T059,PreFam,4,Dog,12481,0
T059,Habituation,1,Lof_hg_6,6704,0
T059,Habituation,2,Lof_hg_3,13726,0
T059,Habituation,3,Lof_hg_15,13767,0
T059,Habituation,4,Lof_hg_6,5503,0
T059,Habituation,5,Lof_hg_13,13762,0
T059,Habituation,6,Lof_hg_10,13698,0
T059,Habituation,7,Log_hg_1,8372,0
T059,Habituation,8,Lof_hg_5,2462,0
T059,Habituation,9,Lof_hg_10,7735,0
T059,Habituation,10,Lof_hg_3,13146,0
T059,Habituation,11,Lof_hg_6,11475,0
T059,Habituation,12,Log_hg_1,7479,0
T059,Habituation,13,Lof_hg_4,2238,0
T059,Habituation,14,Lof_hg_7,8381,0
T059,Habituation,15,Lof_hg_9,2801,0
T059,Habituation,16,Lof_hg_3,4040,0
T059,Test,1,Same_test,5207,0
T059,Test,2,NT_test,5299,0
T059,Test,3,AuditoryControl,9742,0
T059,Test,4,VisualControl,13795,0
T060,PreFam,1,Apple_bt,13700,0
T060,PreFam,2,Ball_bt,13800,0
T060,PreFam,3,Shoe_bt,13730,0
T060,PreFam,4,Dog_bt,13666,0
T060,Habituation,1,Lof_bt_3,13698,0
T060,Habituation,2,Lof_bt_11,13730,0
T060,Habituation,3,Lof_bt_14,13601,0
T060,Habituation,4,Lof_bt_12,13735,0
T060,Habituation,5,Lof_bt_13,10849,0
T060,Habituation,6,Lof_bt_3,13765,0
T060,Habituation,7,Lof_bt_3,13900,0
T060,Habituation,8,Lof_bt_4,9676,0
T060,Habituation,9,Lof_bt_6,6276,0
T060,Habituation,10,Lof_bt_12,13271,0
T060,Habituation,11,Lof_bt_2,5605,0
T060,Habituation,12,Lof_bt_1,8007,0
T060,Habituation,13,Lof_bt_13,4064,0
T060,Habituation,14,Lof_bt_5,4528,0
T060,Test,1,Same_test,8073,0
T060,Test,2,NT_test,3602,0
T060,Test,3,AuditoryControl,13781,0
T060,Test,4,VisualControl,8005,0
T061,PreFam,1,Apple,13648,0
T061,PreFam,2,Ball,12581,0
T061,PreFam,3,Shoe,13769,0
T061,PreFam,4,Dog,13697,0
T061,Habituation,1,Neem_bt_within3,7742,0
T061,Habituation,2,Neem_bt_within5,7075,0
T061,Habituation,3,Neem_bt_within5,7342,0
T061,Habituation,4,Neem_bt_within2,11239,0
T061,Habituation,5,Neem_bt_within4,3206,0
T061,Habituation,6,Neem_bt_within13,11010,0
T061,Habituation,7,Neem_bt_within1,3606,0
T061,Habituation,8,Neem_bt_within6,3070,0
T061,Habituation,9,Neem_bt_within5,2905,0
T061,Habituation,10,Neem_bt_within1,6670,0
T061,Test,1,Same_test,3298,0
T061,Test,2,NT_test,6041,0
T061,Test,3,AuditoryControl,7701,0
T061,Test,4,VisualControl,8975,0
T062,PreFam,1,Apple,13761,0
T062,PreFam,2,Ball,11941,0
T062,PreFam,3,Shoe,13697,0
T062,PreFam,4,Dog,13632,0
T062,Habituation,1,Neem_cm_within1,13662,0
T062,Habituation,2,Neem_cm_within9,13664,0
T062,Habituation,3,Neem_cm_within15,13486,0
T062,Habituation,4,Neem_cm_within3,8106,0
T062,Habituation,5,Neem_cm_within5,2775,0
T062,Habituation,6,Neem_cm_within8,13702,0
T062,Habituation,7,Neem_cm_within2,4947,0
T062,Habituation,8,Neem_cm_within8,0,0
T062,Test,1,Same_test,10299,0
T062,Test,2,NT_test,5204,0
T062,Test,3,AuditoryControl,3804,0
T062,Test,4,VisualControl,2431,0
T063,PreFam,1,Apple,13657,0
T063,PreFam,2,Ball,13629,0
T063,PreFam,3,Shoe,13399,0
T063,PreFam,4,Dog,13598,0
T063,Habituation,1,Neem_cm_within11,13668,0
T063,Habituation,2,Neem_cm_within13,13534,0
T063,Habituation,3,Neem_cm_within8,13731,0
T063,Habituation,4,Neem_cm_within6,13626,0
T063,Habituation,5,Neem_cm_within10,13466,0
T063,Habituation,6,Neem_cm_within4,13596,0
T063,Habituation,7,Neem_cm_within12,8341,0
T063,Habituation,8,Neem_cm_within14,8231,0
T063,Habituation,9,Neem_cm_within2,5202,0
T063,Habituation,10,Neem_cm_within10,3467,0
T063,Test,1,NT_test,3073,0
T063,Test,2,Same_test,7174,0
T063,Test,3,AuditoryControl,1268,0
T063,Test,4,VisualControl,8821,0
T064,PreFam,1,Apple,13662,0
T064,PreFam,2,Ball,12913,0
T064,PreFam,3,Shoe,4173,0
T064,PreFam,4,Dog,13661,0
T064,Habituation,1,Lof_hg_10,8669,0
T064,Habituation,2,Lof_hg_10,13728,0
T064,Habituation,3,Lof_hg_10,11112,0
T064,Habituation,4,Log_hg_1,13564,0
T064,Habituation,5,Lof_hg_8,13626,0
T064,Habituation,6,Lof_hg_2,7970,0
T064,Habituation,7,Lof_hg_8,6236,0
T064,Habituation,8,Lof_hg_11,4434,0
T064,Habituation,9,Lof_hg_7,4403,0
T064,Test,1,Same_test,8738,0
T064,Test,2,NT_test,9142,0
T064,Test,3,AuditoryControl,13418,0
T064,Test,4,VisualControl,13698,0
T065,PreFam,1,Apple_bt,13660,0
T065,PreFam,2,Ball_bt,13660,0
T065,PreFam,3,Shoe_bt,13663,0
T065,PreFam,4,Dog_bt,11510,0
T065,Habituation,1,Lof_bt_8,11620,0
T065,Habituation,2,Lof_bt_12,13732,0
T065,Habituation,3,Lof_bt_15,8012,0
T065,Habituation,4,Lof_bt_11,9677,0
T065,Habituation,5,Lof_bt_6,8813,0
T065,Habituation,6,Lof_bt_11,7009,0
T065,Habituation,7,Lof_bt_7,1835,0
T065,Habituation,8,Lof_bt_9,1869,0
T065,Test,1,NT_test,5841,0
T065,Test,2,Same_test,10679,0
T065,Test,3,AuditoryControl,4369,0
T065,Test,4,VisualControl,6872,0
T066,PreFam,1,Apple,13726,0
T066,PreFam,2,Ball,13697,0
T066,PreFam,3,Shoe,13601,0
T066,PreFam,4,Dog,13595,0
T066,Habituation,1,Lof_hg_12,13668,0
T066,Habituation,2,Lof_hg_8,13663,0
T066,Habituation,3,Lof_hg_14,13659,0
T066,Habituation,4,Lof_hg_13,13631,0
T066,Habituation,5,Lof_hg_8,13516,0
T066,Habituation,6,Lof_hg_15,13729,0
T066,Habituation,7,Lof_hg_2,13598,0
T066,Habituation,8,Lof_hg_9,9171,0
T066,Habituation,9,Lof_hg_8,13593,0
T066,Habituation,10,Log_hg_1,13467,0
T066,Habituation,11,Lof_hg_15,3732,0
T066,Habituation,12,Lof_hg_3,13698,0
T066,Habituation,13,Lof_hg_14,1840,0
T066,Habituation,14,Lof_hg_2,4404,0
T066,Test,1,NT_test,7370,0
T066,Test,2,Same_test,3242,0
T066,Test,3,AuditoryControl,10641,0
T066,Test,4,VisualControl,8668,0
T067,PreFam,1,Apple,13695,0
T067,PreFam,2,Ball,10711,0
T067,PreFam,3,Shoe,7844,0
T067,PreFam,4,Dog,11145,0
T067,Habituation,1,Lof_hg_11,3030,0
T067,Habituation,2,Lof_hg_10,3370,0
T067,Habituation,3,Lof_hg_9,4264,0
T067,Habituation,4,Lof_hg_5,6210,0
T067,Habituation,5,Lof_hg_10,5537,0
T067,Habituation,6,Lof_hg_9,4004,0
T067,Habituation,7,Lof_hg_10,4569,0
T067,Habituation,8,Lof_hg_13,2942,0
T067,Habituation,9,Lof_hg_12,2231,0
T067,Habituation,10,Lof_hg_9,3277,0
T067,Habituation,11,Lof_hg_7,1868,0
T067,Habituation,12,Lof_hg_13,2866,0
T067,Habituation,13,Lof_hg_8,1877,0
T067,Habituation,14,Lof_hg_6,1735,0
T067,Test,1,NT_test,3067,0
T067,Test,2,Same_test,1332,0
T067,Test,3,AuditoryControl,6471,0
T067,Test,4,VisualControl,8807,0
T068,PreFam,1,Apple,13061,0
T068,PreFam,2,Ball,10644,0
T068,PreFam,3,Shoe,5138,0
T068,PreFam,4,Dog,13029,0
T068,Habituation,1,Neem_bt_within1,13330,0
T068,Habituation,2,Neem_bt_within2,12820,0
T068,Habituation,3,Neem_bt_within3,13196,0
T068,Habituation,4,Neem_bt_within4,9771,0
T068,Habituation,5,Neem_bt_within5,12741,0
T068,Habituation,6,Neem_bt_within6,13332,0
T068,Habituation,7,Neem_bt_within7,13032,0
T068,Habituation,8,Neem_bt_within8,13531,0
T068,Habituation,9,Neem_bt_within9,10573,0
T068,Habituation,10,Neem_bt_within10,3398,0
T068,Habituation,11,Neem_bt_within11,3506,0
T068,Habituation,12,Neem_bt_within12,5675,0
T068,Test,1,NT_test,3799,0
T068,Test,2,Same_test,5040,0
T068,Test,3,AuditoryControl,3671,0
T068,Test,4,VisualControl,7440,0
T069,PreFam,1,Apple_bt,13238,0
T069,PreFam,2,Ball_bt,14002,0
T069,PreFam,3,Shoe_bt,13565,0
T069,PreFam,4,Dog_bt,13532,0
T069,Habituation,1,Lof_bt_4,13663,0
T069,Habituation,2,Lof_bt_7,13693,0
T069,Habituation,3,Lof_bt_3,7644,0
T069,Habituation,4,Lof_bt_1,12852,0
T069,Habituation,5,Lof_bt_10,13632,0
T069,Habituation,6,Lof_bt_4,13565,0
T069,Habituation,7,Lof_bt_5,2542,0
T069,Habituation,8,Lof_bt_12,4031,0
T069,Habituation,9,Lof_bt_4,5129,0
T069,Habituation,10,Lof_bt_9,6507,0
T069,Test,1,Same_test,8144,0
T069,Test,2,NT_test,7467,0
T069,Test,3,AuditoryControl,3936,0
T069,Test,4,VisualControl,7343,0
T070,PreFam,1,Apple_bt,4336,0
T070,PreFam,2,Ball_bt,3001,0
T070,PreFam,3,Shoe_bt,13768,0
T070,PreFam,4,Dog_bt,13667,0
T070,Habituation,1,Lof_bt_15,4733,0
T070,Habituation,2,Lof_bt_4,10105,0
T070,Habituation,3,Lof_bt_10,4830,0
T070,Habituation,4,Lof_bt_3,2866,0
T070,Habituation,5,Lof_bt_7,2002,0
T070,Habituation,6,Lof_bt_2,2132,0
T070,Habituation,7,Lof_bt_14,6169,0
T070,Habituation,8,Lof_bt_12,2173,0
T070,Habituation,9,Lof_bt_6,2374,0
T070,Habituation,10,Lof_bt_2,4936,0
T070,Habituation,11,Lof_bt_8,6903,0
T070,Habituation,12,Lof_bt_15,1664,0
T070,Habituation,13,Lof_bt_9,1360,0
T070,Habituation,14,Lof_bt_10,2140,0
T070,Habituation,15,Lof_bt_9,1375,0
T070,Test,1,NT_test,1568,0
T070,Test,2,Same_test,7143,0
T070,Test,3,AuditoryControl,2506,0
T070,Test,4,VisualControl,13700,0
T071,PreFam,1,Apple,13799,0
T071,PreFam,2,Ball,11040,0
T071,PreFam,3,Shoe,13764,0
T071,PreFam,4,Dog,13731,0
T071,Habituation,1,Neem_cm_within11,12280,0
T071,Habituation,2,Neem_cm_within4,13731,0
T071,Habituation,3,Neem_cm_within14,12746,0
T071,Habituation,4,Neem_cm_within14,5568,0
T071,Habituation,5,Neem_cm_within1,6938,0
T071,Habituation,6,Neem_cm_within11,5807,0
T071,Habituation,7,Neem_cm_within6,2835,0
T071,Test,1,Same_test,2840,0
T071,Test,2,NT_test,4635,0
T071,Test,3,AuditoryControl,7335,0
T071,Test,4,VisualControl,4800,0
T073,PreFam,1,Apple,13730,0
T073,PreFam,2,Ball,13696,0
T073,PreFam,3,Shoe,6434,0
T073,PreFam,4,Dog,12939,0
T073,Habituation,1,Neem_cm_within12,13766,0
T073,Habituation,2,Neem_cm_within15,13696,0
T073,Habituation,3,Neem_cm_within14,9069,0
T073,Habituation,4,Neem_cm_within6,11045,0
T073,Habituation,5,Neem_cm_within11,8104,0
T073,Habituation,6,Neem_cm_within10,13728,0
T073,Habituation,7,Neem_cm_within10,4103,0
T073,Habituation,8,Neem_cm_within6,13735,0
T073,Habituation,9,Neem_cm_within5,11615,0
T073,Habituation,10,Neem_cm_within7,4607,0
T073,Habituation,11,Neem_cm_within3,13342,0
T073,Habituation,12,Neem_cm_within10,9839,0
T073,Habituation,13,Neem_cm_within10,2632,0
T073,Habituation,14,Neem_cm_within9,6639,0
T073,Habituation,15,Neem_cm_within5,2237,0
T073,Test,1,NT_test,1293,0
T073,Test,2,Same_test,5836,0
T073,Test,3,AuditoryControl,6307,0
T073,Test,4,VisualControl,4075,0
T075,PreFam,1,Apple,13663,0
T075,PreFam,2,Ball,13631,0
T075,PreFam,3,Shoe,8176,0
T075,PreFam,4,Dog,13662,0
T075,Habituation,1,Neem_bt_within7,8039,0
T075,Habituation,2,Neem_bt_within15,13630,0
T075,Habituation,3,Neem_bt_within4,13665,0
T075,Habituation,4,Neem_bt_within9,13016,0
T075,Habituation,5,Neem_bt_within13,13630,0
T075,Habituation,6,Neem_bt_within2,13734,0
T075,Habituation,7,Neem_bt_within15,3277,0
T075,Habituation,8,Neem_bt_within3,13629,0
T075,Habituation,9,Neem_bt_within14,4369,0
T075,Habituation,10,Neem_bt_within4,7378,0
T075,Habituation,11,Neem_bt_within4,2000,0
T075,Habituation,12,Neem_bt_within5,6709,0
T075,Test,1,Same_test,2035,0
T075,Test,2,NT_test,1437,0
T075,Test,3,AuditoryControl,4002,0
T075,Test,4,VisualControl,13597,0
T076,PreFam,1,Apple,8478,0
T076,PreFam,2,Ball,1138,0
T076,PreFam,3,Shoe,3336,0
T076,PreFam,4,Dog,2372,0
T076,Habituation,1,Neem_bt_within15,7877,0
T076,Habituation,2,Neem_bt_within3,5070,0
T076,Habituation,3,Neem_bt_within5,13729,0
T076,Habituation,4,Neem_bt_within3,6072,0
T076,Habituation,5,Neem_bt_within7,7368,0
T076,Habituation,6,Neem_bt_within2,2970,0
T076,Habituation,7,Neem_bt_within10,2973,0
T076,Habituation,8,Neem_bt_within7,7663,0
T076,Habituation,9,Neem_bt_within13,5376,0
T076,Habituation,10,Neem_bt_within2,6676,0
T076,Habituation,11,Neem_bt_within12,2580,0
T076,Habituation,12,Neem_bt_within4,6201,0
T076,Habituation,13,Neem_bt_within15,2403,0
T076,Habituation,14,Neem_bt_within15,2103,0
T076,Test,1,NT_test,1742,0
T076,Test,2,Same_test,13757,0
T076,Test,3,AuditoryControl,2503,0
T076,Test,4,VisualControl,9383,0
T077,PreFam,1,Apple_bt,9719,0
T077,PreFam,2,Ball_bt,4205,0
T077,PreFam,3,Shoe_bt,8705,0
T077,PreFam,4,Dog_bt,13766,0
T077,Habituation,1,Lof_bt_15,13701,0
T077,Habituation,2,Lof_bt_4,6037,0
T077,Habituation,3,Lof_bt_8,4072,0
T077,Habituation,4,Lof_bt_2,1399,0
T077,Habituation,5,Lof_bt_14,1869,0
T077,Habituation,6,Lof_bt_4,7877,0
T077,Habituation,7,Lof_bt_5,2602,0
T077,Habituation,8,Lof_bt_1,1365,0
T077,Habituation,9,Lof_bt_10,3102,0
T077,Habituation,10,Lof_bt_5,2835,0
T077,Test,1,Same_test,1503,0
T077,Test,2,NT_test,3479,0
T077,Test,3,AuditoryControl,2674,0
T077,Test,4,VisualControl,4699,0
T080,PreFam,1,Apple_bt,8542,0
T080,PreFam,2,Ball_bt,12918,0
T080,PreFam,3,Shoe_bt,10108,0
T080,PreFam,4,Dog_bt,13729,0
T080,Habituation,1,Lof_bt_15,13733,0
T080,Habituation,2,Lof_bt_10,13695,0
T080,Habituation,3,Lof_bt_2,13662,0
T080,Habituation,4,Lof_bt_4,13564,0
T080,Habituation,5,Lof_bt_1,13601,0
T080,Habituation,6,Lof_bt_7,13598,0
T080,Habituation,7,Lof_bt_5,7008,0
T080,Habituation,8,Lof_bt_11,13700,0
T080,Habituation,9,Lof_bt_11,13698,0
T080,Habituation,10,Lof_bt_2,12592,0
T080,Habituation,11,Lof_bt_15,13592,0
T080,Habituation,12,Lof_bt_10,11784,0
T080,Habituation,13,Lof_bt_5,13668,0
T080,Habituation,14,Lof_bt_14,13532,0
T080,Habituation,15,Lof_bt_5,13163,0
T080,Habituation,16,Lof_bt_5,13597,0
T080,Habituation,17,Lof_bt_7,11850,0
T080,Habituation,18,Lof_bt_4,7104,0
T080,Habituation,19,Lof_bt_13,9238,0
T080,Habituation,20,Lof_bt_4,12944,0
T080,Habituation,21,Lof_bt_1,13039,0
T080,Habituation,22,Lof_bt_11,9006,0
T080,Habituation,23,Lof_bt_1,3674,0
T080,Habituation,24,Lof_bt_15,6074,0
T080,Habituation,25,Lof_bt_12,11172,0
T080,Habituation,26,Lof_bt_8,6172,0
T080,Test,1,NT_test,8912,0
T080,Test,2,Same_test,4568,0
T080,Test,3,AuditoryControl,2902,0
T080,Test,4,VisualControl,8573,0
T082,PreFam,1,Apple,4638,0
T082,PreFam,2,Ball,7078,0
T082,PreFam,3,Shoe,2968,0
T082,PreFam,4,Dog,7450,0
T082,Habituation,1,Neem_cm_within3,9477,0
T082,Habituation,2,Neem_cm_within9,3504,0
T082,Habituation,3,Neem_cm_within12,2796,0
T082,Habituation,4,Neem_cm_within2,1301,0
T082,Habituation,5,Neem_cm_within11,1310,0
T082,Habituation,6,Neem_cm_within8,1134,0
T082,Test,1,Same_test,3075,0
T082,Test,2,NT_test,1865,0
T082,Test,3,AuditoryControl,3532,0
T082,Test,4,VisualControl,10573,0
T083,PreFam,1,Apple,8639,0
T083,PreFam,2,Ball,13761,0
T083,PreFam,3,Shoe,13464,0
T083,PreFam,4,Dog,7209,0
T083,Habituation,1,Lof_hg_3,4606,0
T083,Habituation,2,Lof_hg_6,13209,0
T083,Habituation,3,Lof_hg_4,13729,0
T083,Habituation,4,Lof_hg_12,6897,0
T083,Habituation,5,Lof_hg_3,7639,0
T083,Habituation,6,Lof_hg_12,13832,0
T083,Habituation,7,Lof_hg_11,8501,0
T083,Habituation,8,Lof_hg_3,9108,0
T083,Habituation,9,Lof_hg_6,8174,0
T083,Habituation,10,Lof_hg_15,3573,0
T083,Habituation,11,Lof_hg_3,8938,0
T083,Habituation,12,Lof_hg_10,4241,0
T083,Habituation,13,Lof_hg_8,1329,0
T083,Test,1,NT_test,2200,0
T083,Test,2,Same_test,1269,0
T083,Test,3,AuditoryControl,2039,0
T083,Test,4,VisualControl,2728,0
T084,PreFam,1,Apple,13774,0
T084,PreFam,2,Ball,7977,0
T084,PreFam,3,Shoe,13728,0
T084,PreFam,4,Dog,13698,0
T084,Habituation,1,Neem_bt_within3,11953,0
T084,Habituation,2,Neem_bt_within13,8512,0
T084,Habituation,3,Neem_bt_within13,6668,0
T084,Habituation,4,Neem_bt_within6,2668,0
T084,Habituation,5,Neem_bt_within13,4343,0
T084,Habituation,6,Neem_bt_within5,9247,0
T084,Habituation,7,Neem_bt_within14,4169,0
T084,Habituation,8,Neem_bt_within15,4803,0
T084,Habituation,9,Neem_bt_within5,2731,0
T084,Habituation,10,Neem_bt_within14,1103,0
T084,Test,1,Same_test,6070,0
T084,Test,2,NT_test,7436,0
T084,Test,3,AuditoryControl,7641,0
T084,Test,4,VisualControl,11809,0
T086,PreFam,1,Apple_bt,7103,0
T086,PreFam,2,Ball_bt,13664,0
T086,PreFam,3,Shoe_bt,13599,0
T086,PreFam,4,Dog_bt,5268,0
T086,Habituation,1,Lof_bt_7,8074,0
T086,Habituation,2,Lof_bt_12,3536,0
T086,Habituation,3,Lof_bt_6,13696,0
T086,Habituation,4,Lof_bt_6,2870,0
T086,Habituation,5,Lof_bt_14,13484,0
T086,Habituation,6,Lof_bt_11,2800,0
T086,Habituation,7,Lof_bt_2,12477,0
T086,Habituation,8,Lof_bt_8,13561,0
T086,Habituation,9,Lof_bt_15,1701,0
T086,Habituation,10,Lof_bt_3,3341,0
T086,Habituation,11,Lof_bt_2,1441,0
T086,Habituation,12,Lof_bt_10,2969,0
T086,Test,1,NT_test,5109,0
T086,Test,2,Same_test,13685,0
T086,Test,3,AuditoryControl,13676,0
T086,Test,4,VisualControl,13463,0
test,PreFam,1,Apple,3764,0
test,PreFam,1,Apple,13701,0
test,PreFam,1,Apple,3861,0
test,PreFam,2,Ball,9326,0
test,PreFam,3,Shoe,8803,0
test,PreFam,4,Dog,9050,0
test,Habituation,1,Neem_bt_within6,13752,0
test,Habituation,2,Neem_bt_within13,13775,0
test,Habituation,3,Neem_bt_within9,12075,0
test,Habituation,4,Neem_bt_within14,13815,0
test,Habituation,5,Neem_bt_within5,9276,0
test,Habituation,6,Neem_bt_within1,11176,0
test,Habituation,7,Neem_bt_within12,11235,0
test,Habituation,8,Neem_bt_within14,13779,0
test,Habituation,9,Neem_bt_within13,10305,0
test,Habituation,10,Neem_bt_within11,8798,0
test,Habituation,11,Neem_bt_within2,4301,0
test,Habituation,12,Neem_bt_within7,6753,0
test,Habituation,13,Neem_bt_within15,5055,0
test,Test,1,NT_test,5648,0
test,Test,2,Same_test,6933,0
test,Test,3,AuditoryControl,5997,0
test,Test,4,VisualControl,5074,0
test,PreFam,1,Apple,4711,0
test,PreFam,2,Ball,5037,0
test,PreFam,3,Shoe,8704,0
test,PreFam,4,Dog,4903,0
test,PreFam,1,Apple,4436,0
test,PreFam,2,Ball,2832,0
test,PreFam,3,Shoe,2804,0
test,PreFam,4,Dog,2967,0
test,Habituation,1,Neem_bt_within6,3842,0
test,PreFam,1,Apple_bt,13934,0
test,PreFam,2,Ball_bt,12411,0
test,PreFam,3,Shoe_bt,8678,0
test,PreFam,4,Dog_bt,12047,0
test,Habituation,1,Lof_bt_10,12092,0
test,PreFam,1,Apple_bt,2569,0
test,PreFam,2,Ball_bt,4740,0
test,PreFam,3,Shoe_bt,9443,0
test,PreFam,4,Dog_bt,5164,0
test,Habituation,1,Lof_bt_11,9137,0
test,Habituation,2,Lof_bt_6,6644,0
test,Habituation,3,Lof_bt_8,5403,0
test,Habituation,4,Lof_bt_6,5738,0
test,Habituation,5,Lof_bt_12,5138,0
test,Habituation,6,Lof_bt_2,1203,0
test,Habituation,7,NA,0,0
test,Habituation,7,NA,0,0
test,Habituation,7,NA,0,0
test,Habituation,7,NA,0,0
test,Habituation,7,NA,0,0
test,Habituation,7,NA,0,0
test,Habituation,7,NA,0,0
test,Habituation,7,NA,0,0
test,Habituation,7,NA,0,0
test,Habituation,7,NA,0,0
test,Habituation,7,NA,0,0
test,Habituation,7,NA,0,0
test,Habituation,7,NA,0,0
test,Habituation,7,NA,0,0
T072,PreFam,1,Apple,12447,0
T072,PreFam,2,Ball,11843,0
T072,PreFam,3,Shoe,13665,0
T072,PreFam,4,Dog,13666,0
T072,Habituation,1,Lof_hg_7,13700,0
T072,Habituation,2,Lof_hg_14,12916,0
T072,Habituation,3,Lof_hg_11,13730,0
T072,Habituation,4,Lof_hg_6,3095,0
T072,Habituation,5,Lof_hg_2,3770,0
T072,Habituation,6,Lof_hg_4,5470,0
T072,Habituation,7,Lof_hg_2,2403,0
T072,Test,1,Same_test,2666,0
T072,Test,2,NT_test,4538,0
T072,Test,3,AuditoryControl,6441,0
T072,Test,4,VisualControl,11742,0
T019,PreFam,1,Apple,13336,0
T019,PreFam,2,Ball,13361,0
T019,PreFam,3,Shoe,13496,0
T019,PreFam,4,Dog,13394,0
T019,Habituation,1,Neem_cm_single,13266,0
T019,Habituation,2,Neem_cm_single,5607,0
T019,Habituation,3,Neem_cm_single,1405,0
T019,Habituation,4,Neem_cm_single,7606,0
T019,Habituation,5,Neem_cm_single,13027,0
T019,Habituation,6,Neem_cm_single,13264,0
T019,Habituation,7,Neem_cm_single,3374,0
T019,Habituation,8,Neem_cm_single,4569,0
T019,Habituation,9,Neem_cm_single,6370,0
T019,Habituation,10,Neem_cm_single,12317,0
T019,Habituation,11,Neem_cm_single,13166,0
T019,Habituation,12,Neem_cm_single,13395,0
T019,Habituation,13,Neem_cm_single,1433,0
T019,Habituation,14,Neem_cm_single,6075,0
T019,Habituation,15,Neem_cm_single,1167,0
T019,Habituation,16,Neem_cm_single,0,0
T019,Test,1,Same_test,8249,0
T019,Test,2,NT_test,3164,0
T019,Test,3,AuditoryControl,9376,0
T019,Test,4,VisualControl,13282,0