SubjectID,Phase,Order (randomization),Trial,Repeat,EndType,Habituated,StimID,StimName,StimLabel,Left,Center,Right,ISS,Trial Start,Trial End,TotalLook,TotalLookAway,TotalLeft,TotalCenter,TotalRight,LookEnabled,LookDisabled,Looks,method
T166,PrePre,default (none),1,0,MaxLookAwayTime,No,16,AudioTest,NA,NA,/Users/federicabulgarelli/Documents/habit/stim/Cat5Sec.mov,NA,NA,72851879,72861593,4810,0,0,4810,0,72854541,72861593,LookCenter,online
T166,Wait,default (none),1,0,GotLook,No,17,Wait,NA,NA,Color(rgb) #000000,NA,NA,72861595,72938541,2999,0,0,2999,0,72863178,72938541,LookCenter,online
T166,Calibration,default (none),1,0,MaxStimulusTime,No,20,Calibration,NA,NA,/Users/federicabulgarelli/Documents/habit/stim/Calibration_Movie.mp4,NA,NA,72938547,72966420,24755,0,0,24755,0,72941418,72966420,LookCenter,online
T166,PreFam,default (none),1,0,MaxStimulusTime,No,22,Apple,NA,NA,/Users/federicabulgarelli/Documents/habit/stim/Apple looming.mp4,NA,NA,72966426,72981983,13649,0,0,13649,0,72967982,72981983,LookCenter,online
T166,PreFam,default (none),2,0,MaxStimulusTime,No,23,Ball,NA,NA,/Users/federicabulgarelli/Documents/habit/stim/Ball looming.mp4,NA,NA,72981986,72996994,13605,0,0,13605,0,72982992,72996994,LookCenter,online
T166,PreFam,default (none),3,0,MaxLookAwayTime,No,24,Shoe,NA,NA,/Users/federicabulgarelli/Documents/habit/stim/Shoe looming.mp4,NA,NA,72996996,73006909,6226,0,0,6226,0,72998371,73006909,LookCenter,online
T166,PreFam,default (none),4,0,MaxStimulusTime,No,25,Dog,NA,NA,/Users/federicabulgarelli/Documents/habit/stim/Dog looming.mp4,NA,NA,73006913,73024078,13783,0,0,13783,0,73010076,73024078,LookCenter,online
T166,Habituation,default (none),1,0,MaxLookAwayTime,No,26,Neem_cm_single,NA,NA,/Users/federicabulgarelli/Documents/habit/stim/Novel Object Loom.mp4,NA,NA,73024083,73033746,6072,0,0,6072,0,73025407,73033746,LookCenter,online
T166,Habituation,default (none),2,0,MaxStimulusTime,No,31,Neem_cm_single,NA,NA,/Users/federicabulgarelli/Documents/habit/stim/Novel Object Loom.mp4,NA,NA,73033753,73050154,13820,0,0,13820,0,73036146,73050154,LookCenter,online
T166,Habituation,default (none),3,0,MaxLookAwayTime,No,32,Neem_cm_single,NA,NA,/Users/federicabulgarelli/Documents/habit/stim/Novel Object Loom.mp4,NA,NA,73050155,73059239,5271,0,0,5271,0,73051789,73059239,LookCenter,online
T166,Habituation,default (none),4,0,MaxStimulusTime,No,33,Neem_cm_single,NA,NA,/Users/federicabulgarelli/Documents/habit/stim/Novel Object Loom.mp4,NA,NA,73059242,73074818,13828,0,0,13828,0,73060816,73074818,LookCenter,online
T166,Habituation,default (none),5,0,MaxLookAwayTime,No,34,Neem_cm_single,NA,NA,/Users/federicabulgarelli/Documents/habit/stim/Novel Object Loom.mp4,NA,NA,73074822,73088478,9519,0,0,9519,0,73076684,73088478,LookCenter,online
T166,Habituation,default (none),6,0,MaxLookAwayTime,No,35,Neem_cm_single,NA,NA,/Users/federicabulgarelli/Documents/habit/stim/Novel Object Loom.mp4,NA,NA,73088480,73098761,4750,0,0,4750,0,73091752,73098761,LookCenter,online
T166,Habituation,default (none),7,0,MaxLookAwayTime,No,36,Neem_cm_single,NA,NA,/Users/federicabulgarelli/Documents/habit/stim/Novel Object Loom.mp4,NA,NA,73098763,73110883,7593,0,0,7593,0,73101012,73110883,LookCenter,online
T166,Habituation,default (none),8,0,MaxLookAwayTime,No,37,Neem_cm_single,NA,NA,/Users/federicabulgarelli/Documents/habit/stim/Novel Object Loom.mp4,NA,NA,73110885,73122846,7766,0,0,7766,0,73112739,73122846,LookCenter,online
T166,Habituation,default (none),9,0,MaxLookAwayTime,No,38,Neem_cm_single,NA,NA,/Users/federicabulgarelli/Documents/habit/stim/Novel Object Loom.mp4,NA,NA,73122847,73132767,6277,0,0,6277,0,73124277,73132767,LookCenter,online
T166,Habituation,default (none),10,0,MaxLookAwayTime,No,39,Neem_cm_single,NA,NA,/Users/federicabulgarelli/Documents/habit/stim/Novel Object Loom.mp4,NA,NA,73132769,73142096,4470,0,0,4470,0,73135331,73142096,LookCenter,online
T166,Habituation,default (none),11,0,MaxLookAwayTime,No,40,Neem_cm_single,NA,NA,/Users/federicabulgarelli/Documents/habit/stim/Novel Object Loom.mp4,NA,NA,73142097,73150093,4158,0,0,4158,0,73143568,73150093,LookCenter,online
T166,Habituation,default (none),12,0,MaxLookAwayTime,No,41,Neem_cm_single,NA,NA,/Users/federicabulgarelli/Documents/habit/stim/Novel Object Loom.mp4,NA,NA,73150094,73164850,9837,0,0,9837,0,73152705,73164850,LookCenter,online
T166,Habituation,default (none),13,0,MaxStimulusTime,No,42,Neem_cm_single,NA,NA,/Users/federicabulgarelli/Documents/habit/stim/Novel Object Loom.mp4,NA,NA,73164852,73181287,13796,0,0,13796,0,73167285,73181287,LookCenter,online
T166,Habituation,default (none),14,0,MaxLookAwayTime,No,43,Neem_cm_single,NA,NA,/Users/federicabulgarelli/Documents/habit/stim/Novel Object Loom.mp4,NA,NA,73181289,73190375,5302,0,0,5302,0,73182746,73190375,LookCenter,online
T166,Habituation,default (none),15,0,MaxLookAwayTime,No,44,Neem_cm_single,NA,NA,/Users/federicabulgarelli/Documents/habit/stim/Novel Object Loom.mp4,NA,NA,73190377,73198389,3617,0,0,3617,0,73192454,73198389,LookCenter,online
T166,Habituation,default (none),16,0,MaxLookAwayTime,No,45,Neem_cm_single,NA,NA,/Users/federicabulgarelli/Documents/habit/stim/Novel Object Loom.mp4,NA,NA,73198391,73208669,6167,0,0,6167,0,73200199,73208669,LookCenter,online
T166,Habituation,default (none),17,0,MaxStimulusTime,No,46,Neem_cm_single,NA,NA,/Users/federicabulgarelli/Documents/habit/stim/Novel Object Loom.mp4,NA,NA,73208671,73224603,12910,0,0,12910,0,73210597,73224603,LookCenter,online
T166,Habituation,default (none),18,0,MaxLookAwayTime,No,47,Neem_cm_single,NA,NA,/Users/federicabulgarelli/Documents/habit/stim/Novel Object Loom.mp4,NA,NA,73224604,73233340,3175,0,0,3175,0,73227973,73233340,LookCenter,online
T166,Habituation,default (none),19,0,MaxLookAwayTime,No,48,Neem_cm_single,NA,NA,/Users/federicabulgarelli/Documents/habit/stim/Novel Object Loom.mp4,NA,NA,73233342,73240518,2606,0,0,2606,0,73235651,73240518,LookCenter,online
T166,Habituation,default (none),20,0,MaxLookAwayTime,No,49,Neem_cm_single,NA,NA,/Users/federicabulgarelli/Documents/habit/stim/Novel Object Loom.mp4,NA,NA,73240519,73250315,6203,0,0,6203,0,73241833,73250315,LookCenter,online
T166,Habituation,default (none),21,0,MaxLookAwayTime,No,50,Neem_cm_single,NA,NA,/Users/federicabulgarelli/Documents/habit/stim/Novel Object Loom.mp4,NA,NA,73250317,73258199,3661,0,0,3661,0,73252262,73258199,LookCenter,online
T166,Test,C2 (none),1,0,MaxLookAwayTime,Yes,27,NT_test,NA,NA,/Users/federicabulgarelli/Documents/habit/stim/Novel Object Loom.mp4,NA,NA,73258203,73272642,8027,0,0,8027,0,73262394,73272642,LookCenter,online
T166,Test,C2 (none),2,0,MaxLookAwayTime,Yes,28,Same_test,NA,NA,/Users/federicabulgarelli/Documents/habit/stim/Novel Object Loom.mp4,NA,NA,73272643,73291983,2391,0,0,2391,0,73287319,73291983,LookCenter,online
T166,Test,C2 (none),3,0,MaxLookAwayTime,Yes,54,AuditoryControl,NA,NA,/Users/federicabulgarelli/Documents/habit/stim/Novel Object Loom.mp4,NA,NA,73291984,73301832,6140,0,0,6140,0,73293430,73301832,LookCenter,online
T166,Test,C2 (none),4,0,MaxLookAwayTime,Yes,55,VisualControl,NA,NA,/Users/federicabulgarelli/Documents/habit/stim/Novel Object2 Loom.mp4,NA,NA,73301832,73315664,8693,0,0,8693,0,73304757,73315664,LookCenter,online
T109,PrePre,default (none),1,0,MaxLookAwayTime,No,16,AudioTest,NA,NA,/Users/federicabulgarelli/Downloads/Cat5Sec.mov,NA,NA,46138502,46147253,4667,0,0,4667,0,46140304,46147253,LookCenter,online
T109,Wait,default (none),1,0,GotLook,No,17,Wait,NA,NA,Color(rgb) #000000,NA,NA,46147254,46204387,5087,0,0,5087,0,46148349,46204387,LookCenter,online
T109,Calibration,default (none),1,0,MaxStimulusTime,No,20,Calibration,NA,NA,/Users/federicabulgarelli/Desktop/Calibration_Movie.mp4,NA,NA,46204392,46232299,24611,0,0,24611,0,46207298,46232299,LookCenter,online
T109,PreFam,default (none),1,0,MaxStimulusTime,No,22,Apple,NA,NA,/Users/federicabulgarelli/Downloads/NewTalker/Apple looming.mp4,NA,NA,46232301,46248806,13653,0,0,13653,0,46234805,46248806,LookCenter,online
T109,PreFam,default (none),2,0,MaxStimulusTime,No,23,Ball,NA,NA,/Users/federicabulgarelli/Downloads/NewTalker/Ball looming.mp4,NA,NA,46248808,46264049,12609,0,0,12609,0,46250048,46264049,LookCenter,online
T109,PreFam,default (none),3,0,MaxStimulusTime,No,24,Shoe,NA,NA,/Users/federicabulgarelli/Downloads/NewTalker/Shoe looming.mp4,NA,NA,46264050,46279409,12777,0,0,12777,0,46265409,46279409,LookCenter,online
T109,PreFam,default (none),4,0,MaxStimulusTime,No,25,Dog,NA,NA,/Users/federicabulgarelli/Downloads/NewTalker/Dog looming.mp4,NA,NA,46279412,46295116,13685,0,0,13685,0,46281115,46295116,LookCenter,online
T109,Habituation,default (none),1,0,MaxStimulusTime,No,26,Neem_cm_single,NA,NA,/Users/federicabulgarelli/Downloads/NewTalker/Novel Object Loom.mp4,NA,NA,46295119,46310849,13735,0,0,13735,0,46296847,46310849,LookCenter,online
T109,Habituation,default (none),2,0,MaxStimulusTime,No,31,Neem_cm_single,NA,NA,/Users/federicabulgarelli/Downloads/NewTalker/Novel Object Loom.mp4,NA,NA,46310852,46326003,13710,0,0,13710,0,46312002,46326003,LookCenter,online
T109,Habituation,default (none),3,0,MaxStimulusTime,No,32,Neem_cm_single,NA,NA,/Users/federicabulgarelli/Downloads/NewTalker/Novel Object Loom.mp4,NA,NA,46326004,46341057,13708,0,0,13708,0,46327053,46341057,LookCenter,online
T109,Habituation,default (none),4,0,MaxStimulusTime,No,33,Neem_cm_single,NA,NA,/Users/federicabulgarelli/Downloads/NewTalker/Novel Object Loom.mp4,NA,NA,46341058,46356191,13578,0,0,13578,0,46342184,46356191,LookCenter,online
T109,Habituation,default (none),5,0,MaxLookAwayTime,No,34,Neem_cm_single,NA,NA,/Users/federicabulgarelli/Downloads/NewTalker/Novel Object Loom.mp4,NA,NA,46356192,46364921,4701,0,0,4701,0,46357827,46364921,LookCenter,online
T109,Habituation,default (none),6,0,MaxLookAwayTime,No,35,Neem_cm_single,NA,NA,/Users/federicabulgarelli/Downloads/NewTalker/Novel Object Loom.mp4,NA,NA,46364922,46375657,6874,0,0,6874,0,46366512,46375657,LookCenter,online
T109,Habituation,default (none),7,0,MaxStimulusTime,No,36,Neem_cm_single,NA,NA,/Users/federicabulgarelli/Downloads/NewTalker/Novel Object Loom.mp4,NA,NA,46375660,46393731,12308,0,0,12308,0,46379726,46393731,LookCenter,online
T109,Habituation,default (none),8,0,MaxLookAwayTime,No,37,Neem_cm_single,NA,NA,/Users/federicabulgarelli/Downloads/NewTalker/Novel Object Loom.mp4,NA,NA,46393732,46406926,8258,0,0,8258,0,46396453,46406926,LookCenter,online
T109,Habituation,default (none),9,0,MaxLookAwayTime,No,38,Neem_cm_single,NA,NA,/Users/federicabulgarelli/Downloads/NewTalker/Novel Object Loom.mp4,NA,NA,46406927,46420167,8291,0,0,8291,0,46409561,46420167,LookCenter,online
T109,Habituation,default (none),10,0,MaxStimulusTime,No,39,Neem_cm_single,NA,NA,/Users/federicabulgarelli/Downloads/NewTalker/Novel Object Loom.mp4,NA,NA,46420168,46438445,2549,0,0,2549,0,46424442,46438445,LookCenter,online
T109,Habituation,default (none),11,0,MaxLookAwayTime,No,40,Neem_cm_single,NA,NA,/Users/federicabulgarelli/Downloads/NewTalker/Novel Object Loom.mp4,NA,NA,46438446,46448748,5234,0,0,5234,0,46441330,46448748,LookCenter,online
T109,Test,C1 (none),1,0,MaxLookAwayTime,Yes,27,Same_test,NA,NA,/Users/federicabulgarelli/Downloads/NewTalker/Novel Object Loom.mp4,NA,NA,46448750,46456968,3583,0,0,3583,0,46450999,46456968,LookCenter,online
T109,Test,C1 (none),2,0,MaxLookAwayTime,Yes,28,NT_test,NA,NA,/Users/federicabulgarelli/Downloads/NewTalker/Novel Object Loom.mp4,NA,NA,46456969,46470151,9104,0,0,9104,0,46458811,46470151,LookCenter,online
T109,Test,C1 (none),3,0,MaxLookAwayTime,Yes,44,AuditoryControl,NA,NA,/Users/federicabulgarelli/Downloads/NewTalker/Novel Object Loom.mp4,NA,NA,46470152,46479590,5148,0,0,5148,0,46472226,46479590,LookCenter,online
T109,Test,C1 (none),4,0,MaxStimulusTime,Yes,45,VisualControl,NA,NA,/Users/federicabulgarelli/Downloads/NewTalker/Novel Object2 Loom.mp4,NA,NA,46479590,46494559,13712,0,0,13712,0,46480558,46494559,LookCenter,online
T113,PrePre,default (none),1,0,MaxLookAwayTime,No,16,AudioTest,NA,NA,/Users/federicabulgarelli/Downloads/Cat5Sec.mov,NA,NA,100275184,100284561,4662,0,0,4662,0,100277522,100284561,LookCenter,online
T113,Wait,default (none),1,0,GotLook,No,17,Wait,NA,NA,Color(rgb) #000000,NA,NA,100284563,100371873,3784,0,0,3784,0,100285700,100371873,LookCenter,online
T113,Calibration,default (none),1,0,MaxStimulusTime,No,20,Calibration,NA,NA,/Users/federicabulgarelli/Desktop/Calibration_Movie.mp4,NA,NA,100371878,100398865,24712,0,0,24712,0,100373864,100398865,LookCenter,online
T113,PreFam,default (none),1,0,MaxStimulusTime,No,22,Apple,NA,NA,/Users/federicabulgarelli/Downloads/NewTalker/Apple looming.mp4,NA,NA,100398867,100414218,13706,0,0,13706,0,100400217,100414218,LookCenter,online
T113,PreFam,default (none),2,0,MaxStimulusTime,No,23,Ball,NA,NA,/Users/federicabulgarelli/Downloads/NewTalker/Ball looming.mp4,NA,NA,100414221,100429282,13684,0,0,13684,0,100415281,100429282,LookCenter,online
T113,PreFam,default (none),3,0,MaxStimulusTime,No,24,Shoe,NA,NA,/Users/federicabulgarelli/Downloads/NewTalker/Shoe looming.mp4,NA,NA,100429284,100444177,13661,0,0,13661,0,100430176,100444177,LookCenter,online
T113,PreFam,default (none),4,0,MaxStimulusTime,No,25,Dog,NA,NA,/Users/federicabulgarelli/Downloads/NewTalker/Dog looming.mp4,NA,NA,100444181,100459210,13710,0,0,13710,0,100445209,100459210,LookCenter,online
T113,Habituation,default (none),1,0,MaxLookAwayTime,No,26,Neem_cm_single,NA,NA,/Users/federicabulgarelli/Downloads/NewTalker/Novel Object Loom.mp4,NA,NA,100459212,100471655,9202,0,0,9202,0,100460184,100471655,LookCenter,online
T113,Habituation,default (none),2,0,MaxStimulusTime,No,31,Neem_cm_single,NA,NA,/Users/federicabulgarelli/Downloads/NewTalker/Novel Object Loom.mp4,NA,NA,100471658,100486735,13728,0,0,13728,0,100472725,100486735,LookCenter,online
T113,Habituation,default (none),3,0,MaxStimulusTime,No,32,Neem_cm_single,NA,NA,/Users/federicabulgarelli/Downloads/NewTalker/Novel Object Loom.mp4,NA,NA,100486736,100501875,13702,0,0,13702,0,100487862,100501875,LookCenter,online
T113,Habituation,default (none),4,0,MaxLookAwayTime,No,33,Neem_cm_single,NA,NA,/Users/federicabulgarelli/Downloads/NewTalker/Novel Object Loom.mp4,NA,NA,100501876,100514847,9676,0,0,9676,0,100502820,100514847,LookCenter,online
T113,Habituation,default (none),5,0,MaxLookAwayTime,No,34,Neem_cm_single,NA,NA,/Users/federicabulgarelli/Downloads/NewTalker/Novel Object Loom.mp4,NA,NA,100514848,100522902,4784,0,0,4784,0,100515689,100522902,LookCenter,online
T113,Habituation,default (none),6,0,MaxLookAwayTime,No,35,Neem_cm_single,NA,NA,/Users/federicabulgarelli/Downloads/NewTalker/Novel Object Loom.mp4,NA,NA,100522903,100534799,6877,0,0,6877,0,100525629,100534799,LookCenter,online
T113,Habituation,default (none),7,0,MaxLookAwayTime,No,36,Neem_cm_single,NA,NA,/Users/federicabulgarelli/Downloads/NewTalker/Novel Object Loom.mp4,NA,NA,100534801,100550038,10661,0,0,10661,0,100537094,100550038,LookCenter,online
T113,Habituation,default (none),8,0,MaxLookAwayTime,No,37,Neem_cm_single,NA,NA,/Users/federicabulgarelli/Downloads/NewTalker/Novel Object Loom.mp4,NA,NA,100550039,100559688,4601,0,0,4601,0,100552915,100559688,LookCenter,online
T113,Habituation,default (none),9,0,MaxLookAwayTime,No,38,Neem_cm_single,NA,NA,/Users/federicabulgarelli/Downloads/NewTalker/Novel Object Loom.mp4,NA,NA,100559691,100571170,6138,0,0,6138,0,100562659,100571170,LookCenter,online
T113,Habituation,default (none),10,0,MaxLookAwayTime,No,39,Neem_cm_single,NA,NA,/Users/federicabulgarelli/Downloads/NewTalker/Novel Object Loom.mp4,NA,NA,100571171,100581401,5225,0,0,5225,0,100573838,100581401,LookCenter,online
T113,Habituation,default (none),11,0,MaxLookAwayTime,No,40,Neem_cm_single,NA,NA,/Users/federicabulgarelli/Downloads/NewTalker/Novel Object Loom.mp4,NA,NA,100581402,100595261,10517,0,0,10517,0,100582447,100595261,LookCenter,online
T113,Habituation,default (none),12,0,MaxLookAwayTime,No,41,Neem_cm_single,NA,NA,/Users/federicabulgarelli/Downloads/NewTalker/Novel Object Loom.mp4,NA,NA,100595262,100604591,4667,0,0,4667,0,100597630,100604591,LookCenter,online
T113,Habituation,default (none),13,0,MaxLookAwayTime,No,42,Neem_cm_single,NA,NA,/Users/federicabulgarelli/Downloads/NewTalker/Novel Object Loom.mp4,NA,NA,100604592,100613874,4230,0,0,4230,0,100607364,100613874,LookCenter,online
T113,Habituation,default (none),14,0,MaxLookAwayTime,No,43,Neem_cm_single,NA,NA,/Users/federicabulgarelli/Downloads/NewTalker/Novel Object Loom.mp4,NA,NA,100613876,100623450,4883,0,0,4883,0,100616275,100623450,LookCenter,online
T113,Habituation,default (none),15,0,MaxLookAwayTime,No,44,Neem_cm_single,NA,NA,/Users/federicabulgarelli/Downloads/NewTalker/Novel Object Loom.mp4,NA,NA,100623451,100632679,5276,0,0,5276,0,100625173,100632679,LookCenter,online
T113,Test,C1 (none),1,0,MaxLookAwayTime,Yes,27,Same_test,NA,NA,/Users/federicabulgarelli/Downloads/NewTalker/Novel Object Loom.mp4,NA,NA,100632682,100641766,5525,0,0,5525,0,100633933,100641766,LookCenter,online
T113,Test,C1 (none),2,0,MaxLookAwayTime,Yes,28,NT_test,NA,NA,/Users/federicabulgarelli/Downloads/NewTalker/Novel Object Loom.mp4,NA,NA,100641767,100651132,4546,0,0,4546,0,100644332,100651132,LookCenter,online
T113,Test,C1 (none),3,0,MaxLookAwayTime,Yes,48,AuditoryControl,NA,NA,/Users/federicabulgarelli/Downloads/NewTalker/Novel Object Loom.mp4,NA,NA,100651133,100658953,4192,0,0,4192,0,100652421,100658953,LookCenter,online
T113,Test,C1 (none),4,0,MaxLookAwayTime,Yes,49,VisualControl,NA,NA,/Users/federicabulgarelli/Downloads/NewTalker/Novel Object2 Loom.mp4,NA,NA,100658953,100668415,4352,0,0,4352,0,100661823,100668415,LookCenter,online
T114,PrePre,default (none),1,0,MaxLookAwayTime,No,16,AudioTest,NA,NA,/Users/federicabulgarelli/Downloads/Cat5Sec.mov,NA,NA,92405970,92414424,4389,0,0,4389,0,92407738,92414424,LookCenter,online
T114,Wait,default (none),1,0,GotLook,No,17,Wait,NA,NA,Color(rgb) #000000,NA,NA,92414425,92500327,3166,0,0,3166,0,92415721,92500327,LookCenter,online
T114,Calibration,default (none),1,0,MaxStimulusTime,No,20,Calibration,NA,NA,/Users/federicabulgarelli/Desktop/Calibration_Movie.mp4,NA,NA,92500334,92527303,24694,0,0,24694,0,92502293,92527303,LookCenter,online
T114,PreFam,default (none),1,0,MaxStimulusTime,No,22,Apple,NA,NA,/Users/federicabulgarelli/Downloads/NewTalker/Apple looming.mp4,NA,NA,92527305,92542804,13688,0,0,13688,0,92528803,92542804,LookCenter,online
T114,PreFam,default (none),2,0,MaxStimulusTime,No,23,Ball,NA,NA,/Users/federicabulgarelli/Downloads/NewTalker/Ball looming.mp4,NA,NA,92542806,92558098,13559,0,0,13559,0,92544096,92558098,LookCenter,online
T114,PreFam,default (none),3,0,MaxStimulusTime,No,24,Shoe,NA,NA,/Users/federicabulgarelli/Downloads/NewTalker/Shoe looming.mp4,NA,NA,92558100,92573523,13658,0,0,13658,0,92559522,92573523,LookCenter,online
T114,PreFam,default (none),4,0,MaxStimulusTime,No,25,Dog,NA,NA,/Users/federicabulgarelli/Downloads/NewTalker/Dog looming.mp4,NA,NA,92573527,92588644,12226,0,0,12226,0,92574643,92588644,LookCenter,online
T114,Habituation,default (none),1,0,MaxStimulusTime,No,26,Neem_cm_single,NA,NA,/Users/federicabulgarelli/Downloads/NewTalker/Novel Object Loom.mp4,NA,NA,92588646,92603747,13546,0,0,13546,0,92589744,92603747,LookCenter,online
T114,Habituation,default (none),2,0,MaxStimulusTime,No,31,Neem_cm_single,NA,NA,/Users/federicabulgarelli/Downloads/NewTalker/Novel Object Loom.mp4,NA,NA,92603749,92618782,13633,0,0,13633,0,92604782,92618782,LookCenter,online
T114,Habituation,default (none),3,0,MaxLookAwayTime,No,32,Neem_cm_single,NA,NA,/Users/federicabulgarelli/Downloads/NewTalker/Novel Object Loom.mp4,NA,NA,92618784,92628025,5624,0,0,5624,0,92620007,92628025,LookCenter,online
T114,Habituation,default (none),4,0,MaxLookAwayTime,No,33,Neem_cm_single,NA,NA,/Users/federicabulgarelli/Downloads/NewTalker/Novel Object Loom.mp4,NA,NA,92628026,92639460,6516,0,0,6516,0,92630639,92639460,LookCenter,online
T114,Habituation,default (none),5,0,MaxLookAwayTime,No,34,Neem_cm_single,NA,NA,/Users/federicabulgarelli/Downloads/NewTalker/Novel Object Loom.mp4,NA,NA,92639463,92649271,4551,0,0,4551,0,92642511,92649271,LookCenter,online
T114,Habituation,default (none),6,0,MaxLookAwayTime,No,35,Neem_cm_single,NA,NA,/Users/federicabulgarelli/Downloads/NewTalker/Novel Object Loom.mp4,NA,NA,92649272,92657247,4000,0,0,4000,0,92650990,92657247,LookCenter,online
T114,Habituation,default (none),7,0,MaxLookAwayTime,No,36,Neem_cm_single,NA,NA,/Users/federicabulgarelli/Downloads/NewTalker/Novel Object Loom.mp4,NA,NA,92657248,92668029,6887,0,0,6887,0,92658882,92668029,LookCenter,online
T114,Habituation,default (none),8,0,MaxLookAwayTime,No,37,Neem_cm_single,NA,NA,/Users/federicabulgarelli/Downloads/NewTalker/Novel Object Loom.mp4,NA,NA,92668031,92675147,1913,0,0,1913,0,92670971,92675147,LookCenter,online
T114,Test,C2 (none),1,0,MaxStimulusTime,Yes,27,NT_test,NA,NA,/Users/federicabulgarelli/Downloads/NewTalker/Novel Object Loom.mp4,NA,NA,92675149,92690358,13759,0,0,13759,0,92676357,92690358,LookCenter,online
T114,Test,C2 (none),2,0,MaxLookAwayTime,Yes,28,Same_test,NA,NA,/Users/federicabulgarelli/Downloads/NewTalker/Novel Object Loom.mp4,NA,NA,92690359,92701722,7770,0,0,7770,0,92691632,92701722,LookCenter,online
T114,Test,C2 (none),3,0,MaxLookAwayTime,Yes,41,AuditoryControl,NA,NA,/Users/federicabulgarelli/Downloads/NewTalker/Novel Object Loom.mp4,NA,NA,92701723,92714484,8901,0,0,8901,0,92703283,92714484,LookCenter,online
T114,Test,C2 (none),4,0,MaxStimulusTime,Yes,42,VisualControl,NA,NA,/Users/federicabulgarelli/Downloads/NewTalker/Novel Object2 Loom.mp4,NA,NA,92714484,92731114,11725,0,0,11725,0,92717113,92731114,LookCenter,online
T115,PrePre,default (none),1,0,MaxLookAwayTime,No,16,AudioTest,NA,NA,/Users/federicabulgarelli/Downloads/Cat5Sec.mov,NA,NA,177497832,177506539,4666,0,0,4666,0,177499649,177506539,LookCenter,online
T115,Wait,default (none),1,0,GotLook,No,17,Wait,NA,NA,Color(rgb) #000000,NA,NA,177506540,177572127,3571,0,0,3571,0,177507791,177572127,LookCenter,online
T115,Calibration,default (none),1,0,MaxStimulusTime,No,20,Calibration,NA,NA,/Users/federicabulgarelli/Desktop/Calibration_Movie.mp4,NA,NA,177572132,177600808,24679,0,0,24679,0,177575807,177600808,LookCenter,online
T115,PreFam,default (none),1,0,MaxStimulusTime,No,22,Apple,NA,NA,/Users/federicabulgarelli/Downloads/NewTalker/Apple looming.mp4,NA,NA,177600810,177616173,12465,0,0,12465,0,177602172,177616173,LookCenter,online
T115,PreFam,default (none),2,0,MaxStimulusTime,No,23,Ball,NA,NA,/Users/federicabulgarelli/Downloads/NewTalker/Ball looming.mp4,NA,NA,177616177,177631096,13197,0,0,13197,0,177617095,177631096,LookCenter,online
T115,PreFam,default (none),3,0,MaxStimulusTime,No,24,Shoe,NA,NA,/Users/federicabulgarelli/Downloads/NewTalker/Shoe looming.mp4,NA,NA,177631098,177646945,11946,0,0,11946,0,177632943,177646945,LookCenter,online
T115,PreFam,default (none),4,0,MaxLookAwayTime,No,25,Dog,NA,NA,/Users/federicabulgarelli/Downloads/NewTalker/Dog looming.mp4,NA,NA,177646949,177660155,9098,0,0,9098,0,177648807,177660155,LookCenter,online
T115,Habituation,default (none),1,0,MaxStimulusTime,No,26,Neem_cm_single,NA,NA,/Users/federicabulgarelli/Downloads/NewTalker/Novel Object Loom.mp4,NA,NA,177660159,177677278,13279,0,0,13279,0,177663266,177677278,LookCenter,online
T115,Habituation,default (none),2,0,MaxLookAwayTime,No,31,Neem_cm_single,NA,NA,/Users/federicabulgarelli/Downloads/NewTalker/Novel Object Loom.mp4,NA,NA,177677280,177692518,11447,0,0,11447,0,177678813,177692518,LookCenter,online
T115,Habituation,default (none),3,0,MaxLookAwayTime,No,32,Neem_cm_single,NA,NA,/Users/federicabulgarelli/Downloads/NewTalker/Novel Object Loom.mp4,NA,NA,177692519,177699139,3193,0,0,3193,0,177693688,177699139,LookCenter,online
T115,Habituation,default (none),4,0,MaxLookAwayTime,No,33,Neem_cm_single,NA,NA,/Users/federicabulgarelli/Downloads/NewTalker/Novel Object Loom.mp4,NA,NA,177699140,177712160,8542,0,0,8542,0,177701253,177712160,LookCenter,online
T115,Habituation,default (none),5,0,MaxLookAwayTime,No,34,Neem_cm_single,NA,NA,/Users/federicabulgarelli/Downloads/NewTalker/Novel Object Loom.mp4,NA,NA,177712161,177718737,2429,0,0,2429,0,177714038,177718737,LookCenter,online
T115,Habituation,default (none),6,0,MaxLookAwayTime,No,35,Neem_cm_single,NA,NA,/Users/federicabulgarelli/Downloads/NewTalker/Novel Object Loom.mp4,NA,NA,177718738,177728120,5580,0,0,5580,0,177720212,177728120,LookCenter,online
T115,Habituation,default (none),7,0,MaxLookAwayTime,No,36,Neem_cm_single,NA,NA,/Users/federicabulgarelli/Downloads/NewTalker/Novel Object Loom.mp4,NA,NA,177728122,177733815,2067,0,0,2067,0,177729416,177733815,LookCenter,online
T115,Habituation,default (none),8,0,MaxLookAwayTime,No,37,Neem_cm_single,NA,NA,/Users/federicabulgarelli/Downloads/NewTalker/Novel Object Loom.mp4,NA,NA,177733815,177741841,2465,0,0,2465,0,177737114,177741841,LookCenter,online
T115,Test,C2 (none),1,0,MaxStimulusTime,Yes,27,NT_test,NA,NA,/Users/federicabulgarelli/Downloads/NewTalker/Novel Object Loom.mp4,NA,NA,177741845,177758687,12487,0,0,12487,0,177744681,177758687,LookCenter,online
T115,Test,C2 (none),2,0,MaxLookAwayTime,Yes,28,Same_test,NA,NA,/Users/federicabulgarelli/Downloads/NewTalker/Novel Object Loom.mp4,NA,NA,177758688,177770931,7091,0,0,7091,0,177761539,177770930,LookCenter,online
T115,Test,C2 (none),3,0,MaxLookAwayTime,Yes,41,AuditoryControl,NA,NA,/Users/federicabulgarelli/Downloads/NewTalker/Novel Object Loom.mp4,NA,NA,177770931,177784066,9419,0,0,9419,0,177772367,177784066,LookCenter,online
T115,Test,C2 (none),4,0,MaxStimulusTime,Yes,42,VisualControl,NA,NA,/Users/federicabulgarelli/Downloads/NewTalker/Novel Object2 Loom.mp4,NA,NA,177784066,177799918,13713,0,0,13713,0,177785917,177799918,LookCenter,online
T116,PrePre,default (none),1,0,MaxLookAwayTime,No,16,AudioTest,NA,NA,/Users/federicabulgarelli/Downloads/Cat5Sec.mov,NA,NA,1107539,1117177,4743,0,0,4743,0,1110212,1117177,LookCenter,online
T116,Wait,default (none),1,0,GotLook,No,17,Wait,NA,NA,Color(rgb) #000000,NA,NA,1117178,1171468,3351,0,0,3351,0,1119463,1171468,LookCenter,online
T116,Calibration,default (none),1,0,MaxStimulusTime,No,20,Calibration,NA,NA,/Users/federicabulgarelli/Desktop/Calibration_Movie.mp4,NA,NA,1171474,1197724,24516,0,0,24516,0,1172717,1197724,LookCenter,online
T116,PreFam,default (none),1,0,MaxStimulusTime,No,22,Apple,NA,NA,/Users/federicabulgarelli/Downloads/NewTalker/Apple looming.mp4,NA,NA,1197728,1214471,13672,0,0,13672,0,1200469,1214471,LookCenter,online
T116,PreFam,default (none),2,0,MaxStimulusTime,No,23,Ball,NA,NA,/Users/federicabulgarelli/Downloads/NewTalker/Ball looming.mp4,NA,NA,1214472,1229631,13705,0,0,13705,0,1215630,1229631,LookCenter,online
T116,PreFam,default (none),3,0,MaxStimulusTime,No,24,Shoe,NA,NA,/Users/federicabulgarelli/Downloads/NewTalker/Shoe looming.mp4,NA,NA,1229632,1244675,13733,0,0,13733,0,1230674,1244675,LookCenter,online
T116,PreFam,default (none),4,0,MaxLookAwayTime,No,25,Dog,NA,NA,/Users/federicabulgarelli/Downloads/NewTalker/Dog looming.mp4,NA,NA,1244678,1252813,4550,0,0,4550,0,1245998,1252813,LookCenter,online
T116,Habituation,default (none),1,0,MaxStimulusTime,No,26,Neem_cm_single,NA,NA,/Users/federicabulgarelli/Downloads/NewTalker/Novel Object Loom.mp4,NA,NA,1252817,1271271,13820,0,0,13820,0,1257263,1271271,LookCenter,online
T116,Habituation,default (none),2,0,MaxStimulusTime,No,31,Neem_cm_single,NA,NA,/Users/federicabulgarelli/Downloads/NewTalker/Novel Object Loom.mp4,NA,NA,1271273,1287479,12868,0,0,12868,0,1273469,1287479,LookCenter,online
T116,Habituation,default (none),3,0,MaxStimulusTime,No,32,Neem_cm_single,NA,NA,/Users/federicabulgarelli/Downloads/NewTalker/Novel Object Loom.mp4,NA,NA,1287481,1304439,13783,0,0,13783,0,1290434,1304439,LookCenter,online
T116,Habituation,default (none),4,0,MaxLookAwayTime,No,33,Neem_cm_single,NA,NA,/Users/federicabulgarelli/Downloads/NewTalker/Novel Object Loom.mp4,NA,NA,1304440,1312778,4708,0,0,4708,0,1305745,1312778,LookCenter,online
T116,Habituation,default (none),5,0,MaxLookAwayTime,No,34,Neem_cm_single,NA,NA,/Users/federicabulgarelli/Downloads/NewTalker/Novel Object Loom.mp4,NA,NA,1312779,1325450,6518,0,0,6518,0,1313603,1325450,LookCenter,online
T116,Habituation,default (none),6,0,MaxStimulusTime,No,35,Neem_cm_single,NA,NA,/Users/federicabulgarelli/Downloads/NewTalker/Novel Object Loom.mp4,NA,NA,1325451,1342772,13807,0,0,13807,0,1328768,1342772,LookCenter,online
T116,Habituation,default (none),7,0,MaxLookAwayTime,No,36,Neem_cm_single,NA,NA,/Users/federicabulgarelli/Downloads/NewTalker/Novel Object Loom.mp4,NA,NA,1342773,1347427,1177,0,0,1177,0,1343893,1347427,LookCenter,online
T116,Habituation,default (none),8,0,MaxLookAwayTime,No,37,Neem_cm_single,NA,NA,/Users/federicabulgarelli/Downloads/NewTalker/Novel Object Loom.mp4,NA,NA,1347428,1355227,3384,0,0,3384,0,1349615,1355227,LookCenter,online
T116,Habituation,default (none),9,0,MaxStimulusTime,No,38,Neem_cm_single,NA,NA,/Users/federicabulgarelli/Downloads/NewTalker/Novel Object Loom.mp4,NA,NA,1355228,1372198,13767,0,0,13767,0,1358192,1372198,LookCenter,online
T116,Habituation,default (none),10,0,MaxStimulusTime,No,39,Neem_cm_single,NA,NA,/Users/federicabulgarelli/Downloads/NewTalker/Novel Object Loom.mp4,NA,NA,1372200,1395238,12649,0,0,12649,0,1381237,1395238,LookCenter,online
T116,Habituation,default (none),11,0,MaxLookAwayTime,No,40,Neem_cm_single,NA,NA,/Users/federicabulgarelli/Downloads/NewTalker/Novel Object Loom.mp4,NA,NA,1395240,1400658,1737,0,0,1737,0,1396568,1400658,LookCenter,online
T116,Habituation,default (none),12,0,MaxLookAwayTime,No,41,Neem_cm_single,NA,NA,/Users/federicabulgarelli/Downloads/NewTalker/Novel Object Loom.mp4,NA,NA,1400659,1415534,9211,0,0,9211,0,1404113,1415534,LookCenter,online
T116,Habituation,default (none),13,0,MaxLookAwayTime,No,42,Neem_cm_single,NA,NA,/Users/federicabulgarelli/Downloads/NewTalker/Novel Object Loom.mp4,NA,NA,1415535,1434582,9280,0,0,9280,0,1423047,1434582,LookCenter,online
T116,Habituation,default (none),14,0,MaxLookAwayTime,No,43,Neem_cm_single,NA,NA,/Users/federicabulgarelli/Downloads/NewTalker/Novel Object Loom.mp4,NA,NA,1434582,1453387,10854,0,0,10854,0,1440263,1453387,LookCenter,online
T116,Habituation,default (none),15,0,MaxLookAwayTime,No,44,Neem_cm_single,NA,NA,/Users/federicabulgarelli/Downloads/NewTalker/Novel Object Loom.mp4,NA,NA,1453388,1472731,7984,0,0,7984,0,1462482,1472731,LookCenter,online
T116,Habituation,default (none),16,0,MaxLookAwayTime,No,45,Neem_cm_single,NA,NA,/Users/federicabulgarelli/Downloads/NewTalker/Novel Object Loom.mp4,NA,NA,1472732,1485423,8400,0,0,8400,0,1474701,1485423,LookCenter,online
T116,Habituation,default (none),17,0,MaxLookAwayTime,No,46,Neem_cm_single,NA,NA,/Users/federicabulgarelli/Downloads/NewTalker/Novel Object Loom.mp4,NA,NA,1485424,1491351,2212,0,0,2212,0,1486781,1491351,LookCenter,online
T116,Habituation,default (none),18,0,MaxStimulusTime,No,47,Neem_cm_single,NA,NA,/Users/federicabulgarelli/Downloads/NewTalker/Novel Object Loom.mp4,NA,NA,1491352,1507335,8712,0,0,8712,0,1493334,1507335,LookCenter,online
T116,Habituation,default (none),19,0,MaxLookAwayTime,No,48,Neem_cm_single,NA,NA,/Users/federicabulgarelli/Downloads/NewTalker/Novel Object Loom.mp4,NA,NA,1507336,1515976,1845,0,0,1845,0,1511906,1515976,LookCenter,online
T116,Test,C1 (none),1,0,MaxLookAwayTime,Yes,27,Same_test,NA,NA,/Users/federicabulgarelli/Downloads/NewTalker/Novel Object Loom.mp4,NA,NA,1515978,1525121,5868,0,0,5868,0,1516936,1525121,LookCenter,online
T116,Test,C1 (none),2,0,MaxStimulusTime,Yes,28,NT_test,NA,NA,/Users/federicabulgarelli/Downloads/NewTalker/Novel Object Loom.mp4,NA,NA,1525122,1544328,13822,0,0,13822,0,1530318,1544328,LookCenter,online
T116,Test,C1 (none),3,0,MaxLookAwayTime,Yes,52,AuditoryControl,NA,NA,/Users/federicabulgarelli/Downloads/NewTalker/Novel Object Loom.mp4,NA,NA,1544329,1549726,1943,0,0,1943,0,1545420,1549726,LookCenter,online
T116,Test,C1 (none),4,0,MaxStimulusTime,Yes,53,VisualControl,NA,NA,/Users/federicabulgarelli/Downloads/NewTalker/Novel Object2 Loom.mp4,NA,NA,1549726,1565389,13444,0,0,13444,0,1551387,1565389,LookCenter,online
T118,PrePre,default (none),1,0,MaxLookAwayTime,No,16,AudioTest,NA,NA,/Users/federicabulgarelli/Downloads/Cat5Sec.mov,NA,NA,42995608,43004933,4843,0,0,4843,0,42997745,43004933,LookCenter,online
T118,Wait,default (none),1,0,GotLook,No,17,Wait,NA,NA,Color(rgb) #000000,NA,NA,43004935,43120776,2771,0,0,2771,0,43006891,43120776,LookCenter,online
T118,Calibration,default (none),1,0,MaxStimulusTime,No,20,Calibration,NA,NA,/Users/federicabulgarelli/Desktop/Calibration_Movie.mp4,NA,NA,43120780,43147984,24827,0,0,24827,0,43122978,43147984,LookCenter,online
T118,PreFam,default (none),1,0,MaxLookAwayTime,No,22,Apple,NA,NA,/Users/federicabulgarelli/Downloads/NewTalker/Apple looming.mp4,NA,NA,43147986,43164217,10740,0,0,10740,0,43151245,43164217,LookCenter,online
T118,PreFam,default (none),2,0,MaxLookAwayTime,No,23,Ball,NA,NA,/Users/federicabulgarelli/Downloads/NewTalker/Ball looming.mp4,NA,NA,43164218,43170465,2326,0,0,2326,0,43165872,43170465,LookCenter,online
T118,PreFam,default (none),3,0,MaxLookAwayTime,No,24,Shoe,NA,NA,/Users/federicabulgarelli/Downloads/NewTalker/Shoe looming.mp4,NA,NA,43170466,43184638,9990,0,0,9990,0,43172438,43184638,LookCenter,online
T118,PreFam,default (none),4,0,MaxLookAwayTime,No,25,Dog,NA,NA,/Users/federicabulgarelli/Downloads/NewTalker/Dog looming.mp4,NA,NA,43184642,43199336,9603,0,0,9603,0,43187468,43199336,LookCenter,online
T118,Habituation,default (none),1,0,MaxStimulusTime,No,26,Neem_cm_single,NA,NA,/Users/federicabulgarelli/Downloads/NewTalker/Novel Object Loom.mp4,NA,NA,43199339,43214509,12482,0,0,12482,0,43200507,43214509,LookCenter,online
T118,Habituation,default (none),2,0,MaxLookAwayTime,No,31,Neem_cm_single,NA,NA,/Users/federicabulgarelli/Downloads/NewTalker/Novel Object Loom.mp4,NA,NA,43214512,43229498,10324,0,0,10324,0,43216865,43229498,LookCenter,online
T118,Habituation,default (none),3,0,MaxLookAwayTime,No,32,Neem_cm_single,NA,NA,/Users/federicabulgarelli/Downloads/NewTalker/Novel Object Loom.mp4,NA,NA,43229499,43236366,3132,0,0,3132,0,43231015,43236366,LookCenter,online
T118,Habituation,default (none),4,0,MaxLookAwayTime,No,33,Neem_cm_single,NA,NA,/Users/federicabulgarelli/Downloads/NewTalker/Novel Object Loom.mp4,NA,NA,43236368,43251862,8060,0,0,8060,0,43241590,43251862,LookCenter,online
T118,Habituation,default (none),5,0,MaxLookAwayTime,No,34,Neem_cm_single,NA,NA,/Users/federicabulgarelli/Downloads/NewTalker/Novel Object Loom.mp4,NA,NA,43251863,43259600,3736,0,0,3736,0,43253643,43259600,LookCenter,online
T118,Habituation,default (none),6,0,MaxLookAwayTime,No,35,Neem_cm_single,NA,NA,/Users/federicabulgarelli/Downloads/NewTalker/Novel Object Loom.mp4,NA,NA,43259602,43267484,4733,0,0,4733,0,43260512,43267484,LookCenter,online
T118,Habituation,default (none),7,0,MaxLookAwayTime,No,36,Neem_cm_single,NA,NA,/Users/federicabulgarelli/Downloads/NewTalker/Novel Object Loom.mp4,NA,NA,43267485,43277728,6310,0,0,6310,0,43269197,43277728,LookCenter,online
T118,Habituation,default (none),8,0,MaxLookAwayTime,No,37,Neem_cm_single,NA,NA,/Users/federicabulgarelli/Downloads/NewTalker/Novel Object Loom.mp4,NA,NA,43277729,43287495,4510,0,0,4510,0,43280755,43287495,LookCenter,online
T118,Habituation,default (none),9,0,MaxLookAwayTime,No,38,Neem_cm_single,NA,NA,/Users/federicabulgarelli/Downloads/NewTalker/Novel Object Loom.mp4,NA,NA,43287496,43295067,3071,0,0,3071,0,43289740,43295067,LookCenter,online
T118,Habituation,default (none),10,0,MaxLookAwayTime,No,39,Neem_cm_single,NA,NA,/Users/federicabulgarelli/Downloads/NewTalker/Novel Object Loom.mp4,NA,NA,43295070,43302816,3938,0,0,3938,0,43296588,43302816,LookCenter,online
T118,Habituation,default (none),11,0,MaxLookAwayTime,No,40,Neem_cm_single,NA,NA,/Users/federicabulgarelli/Downloads/NewTalker/Novel Object Loom.mp4,NA,NA,43302817,43309522,1752,0,0,1752,0,43305626,43309522,LookCenter,online
T118,Test,C2 (none),1,0,MaxLookAwayTime,Yes,27,NT_test,NA,NA,/Users/federicabulgarelli/Downloads/NewTalker/Novel Object Loom.mp4,NA,NA,43309524,43325651,11332,0,0,11332,0,43312047,43325651,LookCenter,online
T118,Test,C2 (none),2,0,MaxLookAwayTime,Yes,28,Same_test,NA,NA,/Users/federicabulgarelli/Downloads/NewTalker/Novel Object Loom.mp4,NA,NA,43325652,43335458,3505,0,0,3505,0,43329790,43335458,LookCenter,online
T118,Test,C2 (none),3,0,MaxLookAwayTime,Yes,44,AuditoryControl,NA,NA,/Users/federicabulgarelli/Downloads/NewTalker/Novel Object Loom.mp4,NA,NA,43335459,43349008,10243,0,0,10243,0,43336506,43349008,LookCenter,online
T118,Test,C2 (none),4,0,MaxLookAwayTime,Yes,45,VisualControl,NA,NA,/Users/federicabulgarelli/Downloads/NewTalker/Novel Object2 Loom.mp4,NA,NA,43349008,43358508,5180,0,0,5180,0,43351080,43358508,LookCenter,online
T122,PrePre,default (none),1,0,MaxLookAwayTime,No,16,AudioTest,NA,NA,/Users/federicabulgarelli/Downloads/Cat5Sec.mov,NA,NA,30839093,30847756,4489,0,0,4489,0,30840981,30847756,LookCenter,online
T122,Wait,default (none),1,0,GotLook,No,17,Wait,NA,NA,Color(rgb) #000000,NA,NA,30847757,30905775,3462,0,0,3462,0,30849138,30905775,LookCenter,online
T122,Calibration,default (none),1,0,MaxStimulusTime,No,20,Calibration,NA,NA,/Users/federicabulgarelli/Desktop/Calibration_Movie.mp4,NA,NA,30905783,30932417,24667,0,0,24667,0,30907407,30932417,LookCenter,online
T122,PreFam,default (none),1,0,MaxStimulusTime,No,22,Apple,NA,NA,/Users/federicabulgarelli/Downloads/NewTalker/Apple looming.mp4,NA,NA,30932420,30948144,13777,0,0,13777,0,30934143,30948144,LookCenter,online
T122,PreFam,default (none),2,0,MaxStimulusTime,No,23,Ball,NA,NA,/Users/federicabulgarelli/Downloads/NewTalker/Ball looming.mp4,NA,NA,30948146,30963732,13714,0,0,13714,0,30949731,30963732,LookCenter,online
T122,PreFam,default (none),3,0,MaxStimulusTime,No,24,Shoe,NA,NA,/Users/federicabulgarelli/Downloads/NewTalker/Shoe looming.mp4,NA,NA,30963733,30979000,13623,0,0,13623,0,30964998,30979000,LookCenter,online
T122,PreFam,default (none),4,0,MaxStimulusTime,No,25,Dog,NA,NA,/Users/federicabulgarelli/Downloads/NewTalker/Dog looming.mp4,NA,NA,30979003,30994983,13717,0,0,13717,0,30980981,30994983,LookCenter,online
T122,Habituation,default (none),1,0,MaxStimulusTime,No,26,Neem_cm_single,NA,NA,/Users/federicabulgarelli/Downloads/NewTalker/Novel Object Loom.mp4,NA,NA,30994985,31010644,12674,0,0,12674,0,30996642,31010644,LookCenter,online
T122,Habituation,default (none),2,0,MaxStimulusTime,No,31,Neem_cm_single,NA,NA,/Users/federicabulgarelli/Downloads/NewTalker/Novel Object Loom.mp4,NA,NA,31010646,31026830,13806,0,0,13806,0,31012827,31026830,LookCenter,online
T122,Habituation,default (none),3,0,MaxStimulusTime,No,32,Neem_cm_single,NA,NA,/Users/federicabulgarelli/Downloads/NewTalker/Novel Object Loom.mp4,NA,NA,31026831,31042464,13700,0,0,13700,0,31028456,31042464,LookCenter,online
T122,Habituation,default (none),4,0,MaxStimulusTime,No,33,Neem_cm_single,NA,NA,/Users/federicabulgarelli/Downloads/NewTalker/Novel Object Loom.mp4,NA,NA,31042465,31057663,13231,0,0,13231,0,31043656,31057663,LookCenter,online
T122,Habituation,default (none),5,0,MaxStimulusTime,No,34,Neem_cm_single,NA,NA,/Users/federicabulgarelli/Downloads/NewTalker/Novel Object Loom.mp4,NA,NA,31057664,31073156,13749,0,0,13749,0,31059153,31073156,LookCenter,online
T122,Habituation,default (none),6,0,MaxStimulusTime,No,35,Neem_cm_single,NA,NA,/Users/federicabulgarelli/Downloads/NewTalker/Novel Object Loom.mp4,NA,NA,31073157,31088594,13221,0,0,13221,0,31074587,31088594,LookCenter,online
T122,Habituation,default (none),7,0,MaxLookAwayTime,No,36,Neem_cm_single,NA,NA,/Users/federicabulgarelli/Downloads/NewTalker/Novel Object Loom.mp4,NA,NA,31088595,31101928,9265,0,0,9265,0,31090261,31101928,LookCenter,online
T122,Habituation,default (none),8,0,MaxStimulusTime,No,37,Neem_cm_single,NA,NA,/Users/federicabulgarelli/Downloads/NewTalker/Novel Object Loom.mp4,NA,NA,31101929,31117185,13770,0,0,13770,0,31103179,31117185,LookCenter,online
T122,Habituation,default (none),9,0,MaxLookAwayTime,No,38,Neem_cm_single,NA,NA,/Users/federicabulgarelli/Downloads/NewTalker/Novel Object Loom.mp4,NA,NA,31117186,31132451,11113,0,0,11113,0,31118943,31132451,LookCenter,online
T122,Habituation,default (none),10,0,MaxStimulusTime,No,39,Neem_cm_single,NA,NA,/Users/federicabulgarelli/Downloads/NewTalker/Novel Object Loom.mp4,NA,NA,31132452,31148018,13734,0,0,13734,0,31134016,31148018,LookCenter,online
T122,Habituation,default (none),11,0,MaxLookAwayTime,No,40,Neem_cm_single,NA,NA,/Users/federicabulgarelli/Downloads/NewTalker/Novel Object Loom.mp4,NA,NA,31148020,31158069,6143,0,0,6143,0,31149659,31158069,LookCenter,online
T122,Habituation,default (none),12,0,MaxLookAwayTime,No,41,Neem_cm_single,NA,NA,/Users/federicabulgarelli/Downloads/NewTalker/Novel Object Loom.mp4,NA,NA,31158070,31163940,1972,0,0,1972,0,31159696,31163940,LookCenter,online
T122,Habituation,default (none),13,0,MaxLookAwayTime,No,42,Neem_cm_single,NA,NA,/Users/federicabulgarelli/Downloads/NewTalker/Novel Object Loom.mp4,NA,NA,31163941,31173405,5066,0,0,5066,0,31166140,31173405,LookCenter,online
T122,Habituation,default (none),14,0,MaxLookAwayTime,No,43,Neem_cm_single,NA,NA,/Users/federicabulgarelli/Downloads/NewTalker/Novel Object Loom.mp4,NA,NA,31173408,31180242,2727,0,0,2727,0,31175305,31180242,LookCenter,online
T122,Test,C1 (none),1,0,MaxLookAwayTime,Yes,27,Same_test,NA,NA,/Users/federicabulgarelli/Downloads/NewTalker/Novel Object Loom.mp4,NA,NA,31180244,31186515,2030,0,0,2030,0,31182255,31186515,LookCenter,online
T122,Test,C1 (none),2,0,MaxStimulusTime,Yes,28,NT_test,NA,NA,/Users/federicabulgarelli/Downloads/NewTalker/Novel Object Loom.mp4,NA,NA,31186517,31202356,13782,0,0,13782,0,31188355,31202356,LookCenter,online
T122,Test,C1 (none),3,0,MaxStimulusTime,Yes,47,AuditoryControl,NA,NA,/Users/federicabulgarelli/Downloads/NewTalker/Novel Object Loom.mp4,NA,NA,31202357,31217747,12255,0,0,12255,0,31203740,31217747,LookCenter,online
T122,Test,C1 (none),4,0,MaxLookAwayTime,Yes,48,VisualControl,NA,NA,/Users/federicabulgarelli/Downloads/NewTalker/Novel Object2 Loom.mp4,NA,NA,31217748,31226639,4971,0,0,4971,0,31219442,31226639,LookCenter,online
T165,PrePre,default (none),1,0,MaxLookAwayTime,No,16,AudioTest,NA,NA,/Users/lr219/Desktop/NewTalker 2/Cat5Sec.mov,NA,NA,124403,147813,5182,0,0,5182,0,140024,147813,LookCenter,online
T165,Wait,default (none),1,0,GotLook,No,17,Wait,NA,NA,Color(rgb) #000000,NA,NA,147814,166932,1378,0,0,1378,0,149223,166932,LookCenter,online
T165,Calibration,default (none),1,0,MaxStimulusTime,No,20,Calibration,NA,NA,/Users/lr219/Desktop/NewTalker 2/Calibration_Movie.mp4,NA,NA,166938,195690,24652,0,0,24652,0,170689,195690,LookCenter,online
T165,PreFam,default (none),1,0,MaxStimulusTime,No,22,Apple,NA,NA,/Users/lr219/Desktop/NewTalker 2/Apple looming.mp4,NA,NA,195693,211114,13337,0,0,13337,0,197113,211114,LookCenter,online
T165,PreFam,default (none),2,0,MaxStimulusTime,No,23,Ball,NA,NA,/Users/lr219/Desktop/NewTalker 2/Ball looming.mp4,NA,NA,211116,227555,13573,0,0,13573,0,213553,227555,LookCenter,online
T165,PreFam,default (none),3,0,MaxStimulusTime,No,24,Shoe,NA,NA,/Users/lr219/Desktop/NewTalker 2/Shoe looming.mp4,NA,NA,227555,243163,13474,0,0,13474,0,229162,243163,LookCenter,online
T165,PreFam,default (none),4,0,MaxStimulusTime,No,25,Dog,NA,NA,/Users/lr219/Desktop/NewTalker 2/Dog looming.mp4,NA,NA,243165,258888,13641,0,0,13641,0,244887,258888,LookCenter,online
T165,Habituation,default (none),1,0,MaxStimulusTime,No,26,Neem_cm_single,NA,NA,/Users/lr219/Desktop/NewTalker 2/Novel Object Loom.mp4,NA,NA,258891,274254,13526,0,0,13526,0,260248,274254,LookCenter,online
T165,Habituation,default (none),2,0,MaxStimulusTime,No,31,Neem_cm_single,NA,NA,/Users/lr219/Desktop/NewTalker 2/Novel Object Loom.mp4,NA,NA,274256,290646,13548,0,0,13548,0,276643,290646,LookCenter,online
T165,Habituation,default (none),3,0,MaxStimulusTime,No,32,Neem_cm_single,NA,NA,/Users/lr219/Desktop/NewTalker 2/Novel Object Loom.mp4,NA,NA,290647,306366,11925,0,0,11925,0,292362,306366,LookCenter,online
T165,Habituation,default (none),4,0,MaxStimulusTime,No,33,Neem_cm_single,NA,NA,/Users/lr219/Desktop/NewTalker 2/Novel Object Loom.mp4,NA,NA,306367,322577,13580,0,0,13580,0,308566,322577,LookCenter,online
T165,Habituation,default (none),5,0,MaxStimulusTime,No,34,Neem_cm_single,NA,NA,/Users/lr219/Desktop/NewTalker 2/Novel Object Loom.mp4,NA,NA,322578,338511,13612,0,0,13612,0,324510,338511,LookCenter,online
T165,Habituation,default (none),6,0,MaxStimulusTime,No,35,Neem_cm_single,NA,NA,/Users/lr219/Desktop/NewTalker 2/Novel Object Loom.mp4,NA,NA,338512,354560,13648,0,0,13648,0,340556,354560,LookCenter,online
T165,Habituation,default (none),7,0,MaxStimulusTime,No,36,Neem_cm_single,NA,NA,/Users/lr219/Desktop/NewTalker 2/Novel Object Loom.mp4,NA,NA,354561,370015,13618,0,0,13618,0,356014,370015,LookCenter,online
T165,Habituation,default (none),8,0,MaxStimulusTime,No,37,Neem_cm_single,NA,NA,/Users/lr219/Desktop/NewTalker 2/Novel Object Loom.mp4,NA,NA,370016,385839,13749,0,0,13749,0,371835,385839,LookCenter,online
T165,Habituation,default (none),9,0,MaxLookAwayTime,No,38,Neem_cm_single,NA,NA,/Users/lr219/Desktop/NewTalker 2/Novel Object Loom.mp4,NA,NA,385840,394658,4613,0,0,4613,0,387623,394658,LookCenter,online
T165,Habituation,default (none),10,0,MaxStimulusTime,No,39,Neem_cm_single,NA,NA,/Users/lr219/Desktop/NewTalker 2/Novel Object Loom.mp4,NA,NA,394659,410753,13639,0,0,13639,0,396751,410753,LookCenter,online
T165,Habituation,default (none),11,0,MaxStimulusTime,No,40,Neem_cm_single,NA,NA,/Users/lr219/Desktop/NewTalker 2/Novel Object Loom.mp4,NA,NA,410755,426205,13593,0,0,13593,0,412200,426205,LookCenter,online
T165,Habituation,default (none),12,0,MaxStimulusTime,No,41,Neem_cm_single,NA,NA,/Users/lr219/Desktop/NewTalker 2/Novel Object Loom.mp4,NA,NA,426206,442000,11433,0,0,11433,0,427999,442000,LookCenter,online
T165,Habituation,default (none),13,0,MaxLookAwayTime,No,42,Neem_cm_single,NA,NA,/Users/lr219/Desktop/NewTalker 2/Novel Object Loom.mp4,NA,NA,442001,452483,5018,0,0,5018,0,444880,452483,LookCenter,online
T165,Habituation,default (none),14,0,MaxLookAwayTime,No,43,Neem_cm_single,NA,NA,/Users/lr219/Desktop/NewTalker 2/Novel Object Loom.mp4,NA,NA,452485,465566,7358,0,0,7358,0,455848,465566,LookCenter,online
T165,Habituation,default (none),15,0,MaxLookAwayTime,No,44,Neem_cm_single,NA,NA,/Users/lr219/Desktop/NewTalker 2/Novel Object Loom.mp4,NA,NA,465567,475766,4355,0,0,4355,0,468989,475766,LookCenter,online
T165,Habituation,default (none),16,0,MaxLookAwayTime,No,45,Neem_cm_single,NA,NA,/Users/lr219/Desktop/NewTalker 2/Novel Object Loom.mp4,NA,NA,475767,484170,4205,0,0,4205,0,477362,484170,LookCenter,online
T165,Test,C1 (none),1,0,MaxLookAwayTime,Yes,27,Same_test,NA,NA,/Users/lr219/Desktop/NewTalker 2/Novel Object Loom.mp4,NA,NA,484172,494680,6205,0,0,6205,0,486106,494680,LookCenter,online
T165,Test,C1 (none),2,0,MaxLookAwayTime,Yes,28,NT_test,NA,NA,/Users/lr219/Desktop/NewTalker 2/Novel Object Loom.mp4,NA,NA,494682,509690,10750,0,0,10750,0,496578,509690,LookCenter,online
T165,Test,C1 (none),3,0,MaxLookAwayTime,Yes,49,AuditoryControl,NA,NA,/Users/lr219/Desktop/NewTalker 2/Novel Object Loom.mp4,NA,NA,509691,527783,10905,0,0,10905,0,514514,527783,LookCenter,online
T165,Test,C1 (none),4,0,MaxStimulusTime,Yes,50,VisualControl,NA,NA,/Users/lr219/Desktop/NewTalker 2/Novel Object2 Loom.mp4,NA,NA,527783,545020,13596,0,0,13596,0,531018,545020,LookCenter,online
T123,PrePre,default (none),1,0,MaxLookAwayTime,No,16,AudioTest,NA,NA,/Users/federicabulgarelli/Downloads/Cat5Sec.mov,NA,NA,80997433,81006105,4620,0,0,4620,0,80999312,81006105,LookCenter,online
T123,Wait,default (none),1,0,GotLook,No,17,Wait,NA,NA,Color(rgb) #000000,NA,NA,81006107,81051230,3101,0,0,3101,0,81007296,81051230,LookCenter,online
T123,Calibration,default (none),1,0,MaxStimulusTime,No,20,Calibration,NA,NA,/Users/federicabulgarelli/Desktop/Calibration_Movie.mp4,NA,NA,81051236,81078006,24728,0,0,24728,0,81052984,81078006,LookCenter,online
T123,PreFam,default (none),1,0,MaxStimulusTime,No,22,Apple,NA,NA,/Users/federicabulgarelli/Downloads/NewTalker/Apple looming.mp4,NA,NA,81078009,81094276,13812,0,0,13812,0,81080275,81094276,LookCenter,online
T123,PreFam,default (none),2,0,MaxStimulusTime,No,23,Ball,NA,NA,/Users/federicabulgarelli/Downloads/NewTalker/Ball looming.mp4,NA,NA,81094278,81111115,13767,0,0,13767,0,81097115,81111115,LookCenter,online
T123,PreFam,default (none),3,0,MaxLookAwayTime,No,24,Shoe,NA,NA,/Users/federicabulgarelli/Downloads/NewTalker/Shoe looming.mp4,NA,NA,81111117,81123560,8827,0,0,8827,0,81112398,81123560,LookCenter,online
T123,PreFam,default (none),4,0,MaxLookAwayTime,No,25,Dog,NA,NA,/Users/federicabulgarelli/Downloads/NewTalker/Dog looming.mp4,NA,NA,81123563,81133800,5591,0,0,5591,0,81125906,81133800,LookCenter,online
T123,Habituation,default (none),1,0,MaxStimulusTime,No,26,Lof_cm_single,NA,NA,/Users/federicabulgarelli/Downloads/NewTalker/Novel Object2 Loom.mp4,NA,NA,81133803,81150248,13780,0,0,13780,0,81136247,81150248,LookCenter,online
T123,Habituation,default (none),2,0,MaxLookAwayTime,No,31,Lof_cm_single,NA,NA,/Users/federicabulgarelli/Downloads/NewTalker/Novel Object2 Loom.mp4,NA,NA,81150250,81165261,11347,0,0,11347,0,81151642,81165261,LookCenter,online
T123,Habituation,default (none),3,0,MaxLookAwayTime,No,32,Lof_cm_single,NA,NA,/Users/federicabulgarelli/Downloads/NewTalker/Novel Object2 Loom.mp4,NA,NA,81165262,81174394,4755,0,0,4755,0,81167426,81174394,LookCenter,online
T123,Habituation,default (none),4,0,MaxLookAwayTime,No,33,Lof_cm_single,NA,NA,/Users/federicabulgarelli/Downloads/NewTalker/Novel Object2 Loom.mp4,NA,NA,81174395,81183799,4373,0,0,4373,0,81177220,81183799,LookCenter,online
T123,Habituation,default (none),5,0,MaxLookAwayTime,No,34,Lof_cm_single,NA,NA,/Users/federicabulgarelli/Downloads/NewTalker/Novel Object2 Loom.mp4,NA,NA,81183800,81192705,4495,0,0,4495,0,81185995,81192705,LookCenter,online
T123,Habituation,default (none),6,0,MaxLookAwayTime,No,35,Lof_cm_single,NA,NA,/Users/federicabulgarelli/Downloads/NewTalker/Novel Object2 Loom.mp4,NA,NA,81192706,81202692,4955,0,0,4955,0,81195488,81202692,LookCenter,online
T123,Habituation,default (none),7,0,MaxLookAwayTime,No,36,Lof_cm_single,NA,NA,/Users/federicabulgarelli/Downloads/NewTalker/Novel Object2 Loom.mp4,NA,NA,81202693,81208868,2613,0,0,2613,0,81203977,81208868,LookCenter,online
T123,Test,C1 (none),1,0,MaxLookAwayTime,Yes,27,Same_test,NA,NA,/Users/federicabulgarelli/Downloads/NewTalker/Novel Object2 Loom.mp4,NA,NA,81208870,81218501,5215,0,0,5215,0,81211015,81218501,LookCenter,online
T123,Test,C1 (none),2,0,MaxLookAwayTime,Yes,28,NT_test,NA,NA,/Users/federicabulgarelli/Downloads/NewTalker/Novel Object2 Loom.mp4,NA,NA,81218502,81230292,8388,0,0,8388,0,81219787,81230292,LookCenter,online
T123,Test,C1 (none),3,0,MaxStimulusTime,Yes,40,AuditoryControl,NA,NA,/Users/federicabulgarelli/Downloads/NewTalker/Novel Object2 Loom.mp4,NA,NA,81230293,81246503,13857,0,0,13857,0,81232503,81246503,LookCenter,online
T123,Test,C1 (none),4,0,MaxStimulusTime,Yes,41,VisualControl,NA,NA,/Users/federicabulgarelli/Downloads/NewTalker/Novel Object Loom.mp4,NA,NA,81246503,81262024,13838,0,0,13838,0,81248023,81262024,LookCenter,online
T124,PrePre,default (none),1,0,MaxLookAwayTime,No,16,AudioTest,NA,NA,/Users/federicabulgarelli/Downloads/Cat5Sec.mov,NA,NA,120125222,120134199,4296,0,0,4296,0,120127506,120134199,LookCenter,online
T124,Wait,default (none),1,0,GotLook,No,17,Wait,NA,NA,Color(rgb) #000000,NA,NA,120134200,120225519,2866,0,0,2866,0,120135587,120225519,LookCenter,online
T124,Calibration,default (none),1,0,MaxStimulusTime,No,20,Calibration,NA,NA,/Users/federicabulgarelli/Desktop/Calibration_Movie.mp4,NA,NA,120225527,120252785,24779,0,0,24779,0,120227784,120252785,LookCenter,online
T124,PreFam,default (none),1,0,MaxStimulusTime,No,22,Apple,NA,NA,/Users/federicabulgarelli/Downloads/NewTalker/Apple looming.mp4,NA,NA,120252787,120268425,13780,0,0,13780,0,120254423,120268425,LookCenter,online
T124,PreFam,default (none),2,0,MaxStimulusTime,No,23,Ball,NA,NA,/Users/federicabulgarelli/Downloads/NewTalker/Ball looming.mp4,NA,NA,120268428,120283858,13840,0,0,13840,0,120269858,120283858,LookCenter,online
T124,PreFam,default (none),3,0,MaxStimulusTime,No,24,Shoe,NA,NA,/Users/federicabulgarelli/Downloads/NewTalker/Shoe looming.mp4,NA,NA,120283859,120298832,13740,0,0,13740,0,120284831,120298832,LookCenter,online
T124,PreFam,default (none),4,0,MaxStimulusTime,No,25,Dog,NA,NA,/Users/federicabulgarelli/Downloads/NewTalker/Dog looming.mp4,NA,NA,120298836,120313688,13719,0,0,13719,0,120299687,120313688,LookCenter,online
T124,Habituation,default (none),1,0,MaxLookAwayTime,No,26,Lof_cm_single,NA,NA,/Users/federicabulgarelli/Downloads/NewTalker/Novel Object2 Loom.mp4,NA,NA,120313690,120326308,9293,0,0,9293,0,120314742,120326308,LookCenter,online
T124,Habituation,default (none),2,0,MaxLookAwayTime,No,31,Lof_cm_single,NA,NA,/Users/federicabulgarelli/Downloads/NewTalker/Novel Object2 Loom.mp4,NA,NA,120326310,120342985,11715,0,0,11715,0,120329012,120342985,LookCenter,online
T124,Habituation,default (none),3,0,MaxLookAwayTime,No,32,Lof_cm_single,NA,NA,/Users/federicabulgarelli/Downloads/NewTalker/Novel Object2 Loom.mp4,NA,NA,120342986,120351783,5496,0,0,5496,0,120344054,120351783,LookCenter,online
T124,Habituation,default (none),4,0,MaxLookAwayTime,No,33,Lof_cm_single,NA,NA,/Users/federicabulgarelli/Downloads/NewTalker/Novel Object2 Loom.mp4,NA,NA,120351785,120369348,8625,0,0,8625,0,120358496,120369348,LookCenter,online
T124,Habituation,default (none),5,0,MaxLookAwayTime,No,34,Lof_cm_single,NA,NA,/Users/federicabulgarelli/Downloads/NewTalker/Novel Object2 Loom.mp4,NA,NA,120369350,120382833,8732,0,0,8732,0,120371758,120382833,LookCenter,online
T124,Habituation,default (none),6,0,MaxLookAwayTime,No,35,Lof_cm_single,NA,NA,/Users/federicabulgarelli/Downloads/NewTalker/Novel Object2 Loom.mp4,NA,NA,120382836,120391033,2697,0,0,2697,0,120386131,120391033,LookCenter,online
T124,Habituation,default (none),7,0,MaxLookAwayTime,No,36,Lof_cm_single,NA,NA,/Users/federicabulgarelli/Downloads/NewTalker/Novel Object2 Loom.mp4,NA,NA,120391035,120403732,8808,0,0,8808,0,120392677,120403732,LookCenter,online
T124,Habituation,default (none),8,0,MaxLookAwayTime,No,37,Lof_cm_single,NA,NA,/Users/federicabulgarelli/Downloads/NewTalker/Novel Object2 Loom.mp4,NA,NA,120403733,120412451,3423,0,0,3423,0,120406814,120412451,LookCenter,online
T124,Habituation,default (none),9,0,MaxLookAwayTime,No,38,Lof_cm_single,NA,NA,/Users/federicabulgarelli/Downloads/NewTalker/Novel Object2 Loom.mp4,NA,NA,120412452,120420133,3340,0,0,3340,0,120414537,120420133,LookCenter,online
T124,Habituation,default (none),10,0,MaxLookAwayTime,No,39,Lof_cm_single,NA,NA,/Users/federicabulgarelli/Downloads/NewTalker/Novel Object2 Loom.mp4,NA,NA,120420134,120431059,6299,0,0,6299,0,120422562,120431059,LookCenter,online
T124,Habituation,default (none),11,0,MaxLookAwayTime,No,40,Lof_cm_single,NA,NA,/Users/federicabulgarelli/Downloads/NewTalker/Novel Object2 Loom.mp4,NA,NA,120431060,120448506,9816,0,0,9816,0,120436492,120448506,LookCenter,online
T124,Habituation,default (none),12,0,MaxLookAwayTime,No,41,Lof_cm_single,NA,NA,/Users/federicabulgarelli/Downloads/NewTalker/Novel Object2 Loom.mp4,NA,NA,120448507,120459124,5226,0,0,5226,0,120451588,120459124,LookCenter,online
T124,Habituation,default (none),13,0,MaxLookAwayTime,No,42,Lof_cm_single,NA,NA,/Users/federicabulgarelli/Downloads/NewTalker/Novel Object2 Loom.mp4,NA,NA,120459125,120467107,2703,0,0,2703,0,120462183,120467107,LookCenter,online
T124,Habituation,default (none),14,0,MaxLookAwayTime,No,43,Lof_cm_single,NA,NA,/Users/federicabulgarelli/Downloads/NewTalker/Novel Object2 Loom.mp4,NA,NA,120467108,120473321,1756,0,0,1756,0,120469299,120473321,LookCenter,online
T124,Habituation,default (none),15,0,MaxLookAwayTime,No,44,Lof_cm_single,NA,NA,/Users/federicabulgarelli/Downloads/NewTalker/Novel Object2 Loom.mp4,NA,NA,120473322,120479405,2090,0,0,2090,0,120475110,120479405,LookCenter,online
T124,Test,C2 (none),1,0,MaxLookAwayTime,Yes,27,NT_test,NA,NA,/Users/federicabulgarelli/Downloads/NewTalker/Novel Object2 Loom.mp4,NA,NA,120479407,120491873,8136,0,0,8136,0,120481540,120491873,LookCenter,online
T124,Test,C2 (none),2,0,MaxLookAwayTime,Yes,28,Same_test,NA,NA,/Users/federicabulgarelli/Downloads/NewTalker/Novel Object2 Loom.mp4,NA,NA,120491875,120506307,6082,0,0,6082,0,120498051,120506307,LookCenter,online
T124,Test,C2 (none),3,0,MaxLookAwayTime,Yes,48,AuditoryControl,NA,NA,/Users/federicabulgarelli/Downloads/NewTalker/Novel Object2 Loom.mp4,NA,NA,120506308,120520843,10549,0,0,10549,0,120508100,120520843,LookCenter,online
T124,Test,C2 (none),4,0,MaxLookAwayTime,Yes,49,VisualControl,NA,NA,/Users/federicabulgarelli/Downloads/NewTalker/Novel Object Loom.mp4,NA,NA,120520843,120529131,2581,0,0,2581,0,120524391,120529131,LookCenter,online
T125,PrePre,default (none),1,0,MaxLookAwayTime,No,16,AudioTest,NA,NA,/Users/federicabulgarelli/Downloads/Cat5Sec.mov,NA,NA,139471010,139479917,4574,0,0,4574,0,139473110,139479917,LookCenter,online
T125,Wait,default (none),1,0,GotLook,No,17,Wait,NA,NA,Color(rgb) #000000,NA,NA,139479919,139554645,3125,0,0,3125,0,139481946,139554645,LookCenter,online
T125,Calibration,default (none),1,0,MaxStimulusTime,No,20,Calibration,NA,NA,/Users/federicabulgarelli/Desktop/Calibration_Movie.mp4,NA,NA,139554650,139582523,24762,0,0,24762,0,139557514,139582523,LookCenter,online
T125,PreFam,default (none),1,0,MaxLookAwayTime,No,22,Apple,NA,NA,/Users/federicabulgarelli/Downloads/NewTalker/Apple looming.mp4,NA,NA,139582526,139597134,10071,0,0,10071,0,139584837,139597134,LookCenter,online
T125,PreFam,default (none),2,0,MaxLookAwayTime,No,23,Ball,NA,NA,/Users/federicabulgarelli/Downloads/NewTalker/Ball looming.mp4,NA,NA,139597136,139610143,8209,0,0,8209,0,139599709,139610143,LookCenter,online
T125,PreFam,default (none),3,0,MaxLookAwayTime,No,24,Shoe,NA,NA,/Users/federicabulgarelli/Downloads/NewTalker/Shoe looming.mp4,NA,NA,139610145,139620619,6072,0,0,6072,0,139612312,139620619,LookCenter,online
T125,PreFam,default (none),4,0,MaxStimulusTime,No,25,Dog,NA,NA,/Users/federicabulgarelli/Downloads/NewTalker/Dog looming.mp4,NA,NA,139620624,139636199,13719,0,0,13719,0,139622198,139636199,LookCenter,online
T125,Habituation,default (none),1,0,MaxLookAwayTime,No,26,Lof_cm_single,NA,NA,/Users/federicabulgarelli/Downloads/NewTalker/Novel Object2 Loom.mp4,NA,NA,139636201,139647739,7568,0,0,7568,0,139637897,139647739,LookCenter,online
T125,Habituation,default (none),2,0,MaxLookAwayTime,No,31,Lof_cm_single,NA,NA,/Users/federicabulgarelli/Downloads/NewTalker/Novel Object2 Loom.mp4,NA,NA,139647741,139663311,10782,0,0,10782,0,139650299,139663311,LookCenter,online
T125,Habituation,default (none),3,0,MaxLookAwayTime,No,32,Lof_cm_single,NA,NA,/Users/federicabulgarelli/Downloads/NewTalker/Novel Object2 Loom.mp4,NA,NA,139663312,139679479,11316,0,0,11316,0,139665863,139679479,LookCenter,online
T125,Habituation,default (none),4,0,MaxLookAwayTime,No,33,Lof_cm_single,NA,NA,/Users/federicabulgarelli/Downloads/NewTalker/Novel Object2 Loom.mp4,NA,NA,139679481,139692589,6253,0,0,6253,0,139684183,139692589,LookCenter,online
T125,Habituation,default (none),5,0,MaxLookAwayTime,No,34,Lof_cm_single,NA,NA,/Users/federicabulgarelli/Downloads/NewTalker/Novel Object2 Loom.mp4,NA,NA,139692590,139702212,4651,0,0,4651,0,139695213,139702212,LookCenter,online
T125,Habituation,default (none),6,0,MaxLookAwayTime,No,35,Lof_cm_single,NA,NA,/Users/federicabulgarelli/Downloads/NewTalker/Novel Object2 Loom.mp4,NA,NA,139702213,139711821,5119,0,0,5119,0,139704477,139711821,LookCenter,online
T125,Habituation,default (none),7,0,MaxLookAwayTime,No,36,Lof_cm_single,NA,NA,/Users/federicabulgarelli/Downloads/NewTalker/Novel Object2 Loom.mp4,NA,NA,139711823,139722753,3378,0,0,3378,0,139717152,139722753,LookCenter,online
T125,Habituation,default (none),8,0,MaxLookAwayTime,No,37,Lof_cm_single,NA,NA,/Users/federicabulgarelli/Downloads/NewTalker/Novel Object2 Loom.mp4,NA,NA,139722754,139734508,2559,0,0,2559,0,139729653,139734508,LookCenter,online
T125,Test,C1 (none),1,0,MaxLookAwayTime,Yes,27,Same_test,NA,NA,/Users/federicabulgarelli/Downloads/NewTalker/Novel Object2 Loom.mp4,NA,NA,139734513,139750782,7974,0,0,7974,0,139740508,139750782,LookCenter,online
T125,Test,C1 (none),2,0,MaxLookAwayTime,Yes,28,NT_test,NA,NA,/Users/federicabulgarelli/Downloads/NewTalker/Novel Object2 Loom.mp4,NA,NA,139750783,139763427,9043,0,0,9043,0,139752132,139763427,LookCenter,online
T125,Test,C1 (none),3,0,MaxLookAwayTime,Yes,41,AuditoryControl,NA,NA,/Users/federicabulgarelli/Downloads/NewTalker/Novel Object2 Loom.mp4,NA,NA,139763428,139779823,7119,0,0,7119,0,139770490,139779823,LookCenter,online
T125,Test,C1 (none),4,0,MaxLookAwayTime,Yes,42,VisualControl,NA,NA,/Users/federicabulgarelli/Downloads/NewTalker/Novel Object Loom.mp4,NA,NA,139779823,139787044,3293,0,0,3293,0,139781509,139787044,LookCenter,online
T126,PrePre,default (none),1,0,MaxLookAwayTime,No,16,AudioTest,NA,NA,/Users/bergelsonlab/Downloads/OnlineExperiment/Cat5Sec.mov,NA,NA,851208,859946,4307,0,0,4307,0,853426,859946,LookCenter,online
T126,Wait,default (none),1,0,GotLook,No,17,Wait,NA,NA,Color(rgb) #000000,NA,NA,859947,932089,2714,0,0,2714,0,861092,932089,LookCenter,online
T126,Calibration,default (none),1,0,MaxStimulusTime,No,18,Calibration,NA,NA,/Users/bergelsonlab/Downloads/OnlineExperiment/Calibration_Movie.mp4,NA,NA,932090,958858,24782,0,0,24782,0,933846,958858,LookCenter,online
T126,PreFam,default (none),1,0,MaxStimulusTime,No,19,Apple,NA,NA,/Users/bergelsonlab/Downloads/OnlineExperiment/NewTalker 2/Apple looming.mp4,NA,NA,958859,974798,13733,0,0,13733,0,960797,974798,LookCenter,online
T126,PreFam,default (none),2,0,MaxStimulusTime,No,20,Ball,NA,NA,/Users/bergelsonlab/Desktop/SWITCH/STIM/Ball looming2.mp4,NA,NA,974799,990400,13705,0,0,13705,0,976398,990400,LookCenter,online
T126,PreFam,default (none),3,0,MaxStimulusTime,No,21,Shoe,NA,NA,/Users/bergelsonlab/Desktop/SWITCH/STIM/Shoe looming2.mp4,NA,NA,990403,1005798,13694,0,0,13694,0,991797,1005798,LookCenter,online
T126,PreFam,default (none),4,0,MaxStimulusTime,No,22,Dog,NA,NA,/Users/bergelsonlab/Desktop/SWITCH/STIM/Dog looming2.mp4,NA,NA,1005803,1021173,13603,0,0,13603,0,1007172,1021173,LookCenter,online
T126,Habituation,default (none),1,0,MaxStimulusTime,No,23,Lof_cm_single,NA,NA,/Users/bergelsonlab/Desktop/SWITCH/STIM/Novel Object2 Loom.mp4,NA,NA,1021174,1036608,13634,0,0,13634,0,1022607,1036608,LookCenter,online
T126,Habituation,default (none),2,0,MaxStimulusTime,No,26,Lof_cm_single,NA,NA,/Users/bergelsonlab/Desktop/SWITCH/STIM/Novel Object2 Loom.mp4,NA,NA,1036609,1052126,13581,0,0,13581,0,1038124,1052126,LookCenter,online
T126,Habituation,default (none),3,0,MaxStimulusTime,No,27,Lof_cm_single,NA,NA,/Users/bergelsonlab/Desktop/SWITCH/STIM/Novel Object2 Loom.mp4,NA,NA,1052127,1067239,13368,0,0,13368,0,1053237,1067239,LookCenter,online
T126,Habituation,default (none),4,0,MaxStimulusTime,No,28,Lof_cm_single,NA,NA,/Users/bergelsonlab/Desktop/SWITCH/STIM/Novel Object2 Loom.mp4,NA,NA,1067240,1082725,11683,0,0,11683,0,1068723,1082725,LookCenter,online
T126,Habituation,default (none),5,0,MaxStimulusTime,No,29,Lof_cm_single,NA,NA,/Users/bergelsonlab/Desktop/SWITCH/STIM/Novel Object2 Loom.mp4,NA,NA,1082726,1098136,13729,0,0,13729,0,1084135,1098136,LookCenter,online
T126,Habituation,default (none),6,0,MaxStimulusTime,No,30,Lof_cm_single,NA,NA,/Users/bergelsonlab/Desktop/SWITCH/STIM/Novel Object2 Loom.mp4,NA,NA,1098137,1114009,13675,0,0,13675,0,1100008,1114009,LookCenter,online
T126,Habituation,default (none),7,0,MaxLookAwayTime,No,31,Lof_cm_single,NA,NA,/Users/bergelsonlab/Desktop/SWITCH/STIM/Novel Object2 Loom.mp4,NA,NA,1114010,1121020,2888,0,0,2888,0,1115893,1121020,LookCenter,online
T126,Habituation,default (none),8,0,MaxStimulusTime,No,32,Lof_cm_single,NA,NA,/Users/bergelsonlab/Desktop/SWITCH/STIM/Novel Object2 Loom.mp4,NA,NA,1121021,1136955,13731,0,0,13731,0,1122953,1136955,LookCenter,online
T126,Habituation,default (none),9,0,MaxLookAwayTime,No,33,Lof_cm_single,NA,NA,/Users/bergelsonlab/Desktop/SWITCH/STIM/Novel Object2 Loom.mp4,NA,NA,1136956,1149542,8255,0,0,8255,0,1138995,1149542,LookCenter,online
T126,Habituation,default (none),10,0,MaxLookAwayTime,No,34,Lof_cm_single,NA,NA,/Users/bergelsonlab/Desktop/SWITCH/STIM/Novel Object2 Loom.mp4,NA,NA,1149543,1159324,5400,0,0,5400,0,1151680,1159324,LookCenter,online
T126,Habituation,default (none),11,0,MaxLookAwayTime,No,35,Lof_cm_single,NA,NA,/Users/bergelsonlab/Desktop/SWITCH/STIM/Novel Object2 Loom.mp4,NA,NA,1159325,1168643,4842,0,0,4842,0,1161478,1168643,LookCenter,online
T126,Habituation,default (none),12,0,MaxStimulusTime,No,36,Lof_cm_single,NA,NA,/Users/bergelsonlab/Desktop/SWITCH/STIM/Novel Object2 Loom.mp4,NA,NA,1168644,1184008,11821,0,0,11821,0,1170006,1184008,LookCenter,online
T126,Habituation,default (none),13,0,MaxLookAwayTime,No,37,Lof_cm_single,NA,NA,/Users/bergelsonlab/Desktop/SWITCH/STIM/Novel Object2 Loom.mp4,NA,NA,1184009,1198987,9527,0,0,9527,0,1187239,1198987,LookCenter,online
T126,Habituation,default (none),14,0,MaxLookAwayTime,No,38,Lof_cm_single,NA,NA,/Users/bergelsonlab/Desktop/SWITCH/STIM/Novel Object2 Loom.mp4,NA,NA,1198988,1206330,3442,0,0,3442,0,1200549,1206330,LookCenter,online
T126,Habituation,default (none),15,0,MaxLookAwayTime,No,39,Lof_cm_single,NA,NA,/Users/bergelsonlab/Desktop/SWITCH/STIM/Novel Object2 Loom.mp4,NA,NA,1206331,1214612,3980,0,0,3980,0,1208324,1214612,LookCenter,online
T126,Habituation,default (none),16,0,MaxLookAwayTime,No,40,Lof_cm_single,NA,NA,/Users/bergelsonlab/Desktop/SWITCH/STIM/Novel Object2 Loom.mp4,NA,NA,1214613,1224902,6195,0,0,6195,0,1216392,1224902,LookCenter,online
T126,Test,C2 (none),1,0,MaxStimulusTime,Yes,24,NT_test,NA,NA,/Users/bergelsonlab/Desktop/SWITCH/STIM/Novel Object2 Loom.mp4,NA,NA,1224902,1242610,11773,0,0,11773,0,1228608,1242610,LookCenter,online
T126,Test,C2 (none),2,0,MaxLookAwayTime,Yes,25,Same_test,NA,NA,/Users/bergelsonlab/Desktop/SWITCH/STIM/Novel Object2 Loom.mp4,NA,NA,1242611,1256353,8588,0,0,8588,0,1245555,1256353,LookCenter,online
T126,Test,C2 (none),3,0,MaxLookAwayTime,Yes,42,AuditoryControl,NA,NA,/Users/bergelsonlab/Desktop/SWITCH/STIM/Novel Object2 Loom.mp4,NA,NA,1256354,1273553,9177,0,0,9177,0,1262119,1273553,LookCenter,online
T126,Test,C2 (none),4,0,MaxStimulusTime,Yes,43,VisualControl,NA,NA,/Users/bergelsonlab/Desktop/SWITCH/STIM/Novel Object Loom.mp4,NA,NA,1273553,1294955,12287,0,0,12287,0,1280954,1294955,LookCenter,online
T127,PrePre,default (none),1,0,MaxLookAwayTime,No,16,AudioTest,NA,NA,/Users/bergelsonlab/Downloads/OnlineExperiment/Cat5Sec.mov,NA,NA,868436,877583,4465,0,0,4465,0,870842,877583,LookCenter,online
T127,Wait,default (none),1,0,GotLook,No,17,Wait,NA,NA,Color(rgb) #000000,NA,NA,877585,952552,2448,0,0,2448,0,878937,952552,LookCenter,online
T127,Calibration,default (none),1,0,MaxStimulusTime,No,18,Calibration,NA,NA,/Users/bergelsonlab/Downloads/OnlineExperiment/Calibration_Movie.mp4,NA,NA,952553,981113,24833,0,0,24833,0,956105,981113,LookCenter,online
T127,PreFam,default (none),1,0,MaxStimulusTime,No,19,Apple,NA,NA,/Users/bergelsonlab/Downloads/OnlineExperiment/NewTalker 2/Apple looming.mp4,NA,NA,981114,997048,13708,0,0,13708,0,983046,997048,LookCenter,online
T127,PreFam,default (none),2,0,MaxStimulusTime,No,20,Ball,NA,NA,/Users/bergelsonlab/Desktop/SWITCH/STIM/Ball looming2.mp4,NA,NA,997049,1012642,13652,0,0,13652,0,998640,1012642,LookCenter,online
T127,PreFam,default (none),3,0,MaxStimulusTime,No,21,Shoe,NA,NA,/Users/bergelsonlab/Desktop/SWITCH/STIM/Shoe looming2.mp4,NA,NA,1012643,1028207,13598,0,0,13598,0,1014206,1028207,LookCenter,online
T127,PreFam,default (none),4,0,MaxStimulusTime,No,22,Dog,NA,NA,/Users/bergelsonlab/Desktop/SWITCH/STIM/Dog looming2.mp4,NA,NA,1028211,1043561,13678,0,0,13678,0,1029560,1043561,LookCenter,online
T127,Habituation,default (none),1,0,MaxStimulusTime,No,23,Lof_cm_single,NA,NA,/Users/bergelsonlab/Desktop/SWITCH/STIM/Novel Object2 Loom.mp4,NA,NA,1043563,1058597,11902,0,0,11902,0,1044595,1058597,LookCenter,online
T127,Habituation,default (none),2,0,MaxStimulusTime,No,26,Lof_cm_single,NA,NA,/Users/bergelsonlab/Desktop/SWITCH/STIM/Novel Object2 Loom.mp4,NA,NA,1058598,1073966,13708,0,0,13708,0,1059963,1073966,LookCenter,online
T127,Habituation,default (none),3,0,MaxLookAwayTime,No,27,Lof_cm_single,NA,NA,/Users/bergelsonlab/Desktop/SWITCH/STIM/Novel Object2 Loom.mp4,NA,NA,1073967,1084096,6778,0,0,6778,0,1075013,1084096,LookCenter,online
T127,Habituation,default (none),4,0,MaxLookAwayTime,No,28,Lof_cm_single,NA,NA,/Users/bergelsonlab/Desktop/SWITCH/STIM/Novel Object2 Loom.mp4,NA,NA,1084097,1093296,4943,0,0,4943,0,1086150,1093296,LookCenter,online
T127,Habituation,default (none),5,0,MaxLookAwayTime,No,29,Lof_cm_single,NA,NA,/Users/bergelsonlab/Desktop/SWITCH/STIM/Novel Object2 Loom.mp4,NA,NA,1093297,1104276,4311,0,0,4311,0,1097668,1104276,LookCenter,online
T127,Habituation,default (none),6,0,MaxLookAwayTime,No,30,Lof_cm_single,NA,NA,/Users/bergelsonlab/Desktop/SWITCH/STIM/Novel Object2 Loom.mp4,NA,NA,1104277,1118365,10306,0,0,10306,0,1105783,1118365,LookCenter,online
T127,Habituation,default (none),7,0,MaxLookAwayTime,No,31,Lof_cm_single,NA,NA,/Users/bergelsonlab/Desktop/SWITCH/STIM/Novel Object2 Loom.mp4,NA,NA,1118366,1126143,4204,0,0,4204,0,1119626,1126143,LookCenter,online
T127,Habituation,default (none),8,0,MaxLookAwayTime,No,32,Lof_cm_single,NA,NA,/Users/bergelsonlab/Desktop/SWITCH/STIM/Novel Object2 Loom.mp4,NA,NA,1126144,1139212,4098,0,0,4098,0,1132862,1139212,LookCenter,online
T127,Habituation,default (none),9,0,MaxLookAwayTime,No,33,Lof_cm_single,NA,NA,/Users/bergelsonlab/Desktop/SWITCH/STIM/Novel Object2 Loom.mp4,NA,NA,1139213,1155195,8935,0,0,8935,0,1143995,1155195,LookCenter,online
T127,Habituation,default (none),10,0,MaxLookAwayTime,No,34,Lof_cm_single,NA,NA,/Users/bergelsonlab/Desktop/SWITCH/STIM/Novel Object2 Loom.mp4,NA,NA,1155196,1168679,5738,0,0,5738,0,1160540,1168679,LookCenter,online
T127,Habituation,default (none),11,0,MaxLookAwayTime,No,35,Lof_cm_single,NA,NA,/Users/bergelsonlab/Desktop/SWITCH/STIM/Novel Object2 Loom.mp4,NA,NA,1168680,1179232,6833,0,0,6833,0,1170167,1179232,LookCenter,online
T127,Habituation,default (none),12,0,MaxStimulusTime,No,36,Lof_cm_single,NA,NA,/Users/bergelsonlab/Desktop/SWITCH/STIM/Novel Object2 Loom.mp4,NA,NA,1179233,1200627,13730,0,0,13730,0,1186625,1200627,LookCenter,online
T127,Habituation,default (none),13,0,MaxLookAwayTime,No,37,Lof_cm_single,NA,NA,/Users/bergelsonlab/Desktop/SWITCH/STIM/Novel Object2 Loom.mp4,NA,NA,1200628,1210171,4555,0,0,4555,0,1203295,1210171,LookCenter,online
T127,Habituation,default (none),14,0,MaxLookAwayTime,No,38,Lof_cm_single,NA,NA,/Users/bergelsonlab/Desktop/SWITCH/STIM/Novel Object2 Loom.mp4,NA,NA,1210172,1215846,2061,0,0,2061,0,1211511,1215846,LookCenter,online
T127,Habituation,default (none),15,0,MaxLookAwayTime,No,39,Lof_cm_single,NA,NA,/Users/bergelsonlab/Desktop/SWITCH/STIM/Novel Object2 Loom.mp4,NA,NA,1215847,1224682,5538,0,0,5538,0,1216842,1224682,LookCenter,online
T127,Habituation,default (none),16,0,MaxLookAwayTime,No,40,Lof_cm_single,NA,NA,/Users/bergelsonlab/Desktop/SWITCH/STIM/Novel Object2 Loom.mp4,NA,NA,1224683,1236461,4830,0,0,4830,0,1225676,1236461,LookCenter,online
T127,Test,C2 (none),1,0,MaxLookAwayTime,Yes,24,NT_test,NA,NA,/Users/bergelsonlab/Desktop/SWITCH/STIM/Novel Object2 Loom.mp4,NA,NA,1236461,1246725,2107,0,0,2107,0,1242355,1246725,LookCenter,online
T127,Test,C2 (none),2,0,MaxLookAwayTime,Yes,25,Same_test,NA,NA,/Users/bergelsonlab/Desktop/SWITCH/STIM/Novel Object2 Loom.mp4,NA,NA,1246726,1252337,2357,0,0,2357,0,1247698,1252337,LookCenter,online
T127,Test,C2 (none),3,0,MaxLookAwayTime,Yes,42,AuditoryControl,NA,NA,/Users/bergelsonlab/Desktop/SWITCH/STIM/Novel Object2 Loom.mp4,NA,NA,1252338,1260600,1984,0,0,1984,0,1256378,1260600,LookCenter,online
T127,Test,C2 (none),4,0,MaxStimulusTime,Yes,43,VisualControl,NA,NA,/Users/bergelsonlab/Desktop/SWITCH/STIM/Novel Object Loom.mp4,NA,NA,1260600,1275780,13766,0,0,13766,0,1261779,1275780,LookCenter,online
T128,PrePre,default (none),1,0,MaxLookAwayTime,No,16,AudioTest,NA,NA,/Users/bergelsonlab/Downloads/OnlineExperiment/Cat5Sec.mov,NA,NA,41734159,41742955,4421,0,0,4421,0,41736251,41742955,LookCenter,online
T128,Wait,default (none),1,0,GotLook,No,17,Wait,NA,NA,Color(rgb) #000000,NA,NA,41742956,41820602,2557,0,0,2557,0,41744081,41820602,LookCenter,online
T128,Calibration,default (none),1,0,MaxStimulusTime,No,18,Calibration,NA,NA,/Users/bergelsonlab/Downloads/OnlineExperiment/Calibration_Movie.mp4,NA,NA,41820604,41847119,24764,0,0,24764,0,41822112,41847119,LookCenter,online
T128,PreFam,default (none),1,0,MaxLookAwayTime,No,19,Apple,NA,NA,/Users/bergelsonlab/Downloads/OnlineExperiment/NewTalker 2/Apple looming.mp4,NA,NA,41847120,41859484,8842,0,0,8842,0,41848318,41859484,LookCenter,online
T128,PreFam,default (none),2,0,MaxLookAwayTime,No,20,Ball,NA,NA,/Users/bergelsonlab/Desktop/SWITCH/STIM/Ball looming2.mp4,NA,NA,41859485,41869496,5548,0,0,5548,0,41861699,41869496,LookCenter,online
T128,PreFam,default (none),3,0,MaxLookAwayTime,No,21,Shoe,NA,NA,/Users/bergelsonlab/Desktop/SWITCH/STIM/Shoe looming2.mp4,NA,NA,41869497,41884996,11688,0,0,11688,0,41871035,41884996,LookCenter,online
T128,PreFam,default (none),4,0,MaxLookAwayTime,No,22,Dog,NA,NA,/Users/bergelsonlab/Desktop/SWITCH/STIM/Dog looming2.mp4,NA,NA,41885000,41897565,8178,0,0,8178,0,41887103,41897565,LookCenter,online
T128,Habituation,default (none),1,0,MaxLookAwayTime,No,23,Lof_cm_single,NA,NA,/Users/bergelsonlab/Desktop/SWITCH/STIM/Novel Object2 Loom.mp4,NA,NA,41897567,41916092,8743,0,0,8743,0,41905165,41916092,LookCenter,online
T128,Habituation,default (none),2,0,MaxLookAwayTime,No,26,Lof_cm_single,NA,NA,/Users/bergelsonlab/Desktop/SWITCH/STIM/Novel Object2 Loom.mp4,NA,NA,41916093,41926011,6204,0,0,6204,0,41917545,41926011,LookCenter,online
T128,Habituation,default (none),3,0,MaxLookAwayTime,No,27,Lof_cm_single,NA,NA,/Users/bergelsonlab/Desktop/SWITCH/STIM/Novel Object2 Loom.mp4,NA,NA,41926012,41936640,6867,0,0,6867,0,41927522,41936640,LookCenter,online
T128,Habituation,default (none),4,0,MaxLookAwayTime,No,28,Lof_cm_single,NA,NA,/Users/bergelsonlab/Desktop/SWITCH/STIM/Novel Object2 Loom.mp4,NA,NA,41936642,41950993,9989,0,0,9989,0,41938771,41950993,LookCenter,online
T128,Habituation,default (none),5,0,MaxLookAwayTime,No,29,Lof_cm_single,NA,NA,/Users/bergelsonlab/Desktop/SWITCH/STIM/Novel Object2 Loom.mp4,NA,NA,41950994,41959905,5303,0,0,5303,0,41952262,41959905,LookCenter,online
T128,Habituation,default (none),6,0,MaxLookAwayTime,No,30,Lof_cm_single,NA,NA,/Users/bergelsonlab/Desktop/SWITCH/STIM/Novel Object2 Loom.mp4,NA,NA,41959906,41966756,3196,0,0,3196,0,41961339,41966756,LookCenter,online
T128,Habituation,default (none),7,0,MaxLookAwayTime,No,31,Lof_cm_single,NA,NA,/Users/bergelsonlab/Desktop/SWITCH/STIM/Novel Object2 Loom.mp4,NA,NA,41966758,41977132,6249,0,0,6249,0,41968636,41977132,LookCenter,online
T128,Habituation,default (none),8,0,MaxStimulusTime,No,32,Lof_cm_single,NA,NA,/Users/bergelsonlab/Desktop/SWITCH/STIM/Novel Object2 Loom.mp4,NA,NA,41977133,41991979,13250,0,0,13250,0,41977977,41991979,LookCenter,online
T128,Habituation,default (none),9,0,MaxLookAwayTime,No,33,Lof_cm_single,NA,NA,/Users/bergelsonlab/Desktop/SWITCH/STIM/Novel Object2 Loom.mp4,NA,NA,41991980,42000253,3100,0,0,3100,0,41994940,42000253,LookCenter,online
T128,Habituation,default (none),10,0,MaxLookAwayTime,No,34,Lof_cm_single,NA,NA,/Users/bergelsonlab/Desktop/SWITCH/STIM/Novel Object2 Loom.mp4,NA,NA,42000254,42007723,3185,0,0,3185,0,42002278,42007723,LookCenter,online
T128,Habituation,default (none),11,0,MaxLookAwayTime,No,35,Lof_cm_single,NA,NA,/Users/bergelsonlab/Desktop/SWITCH/STIM/Novel Object2 Loom.mp4,NA,NA,42007725,42020105,8509,0,0,8509,0,42009278,42020105,LookCenter,online
T128,Habituation,default (none),12,0,MaxLookAwayTime,No,36,Lof_cm_single,NA,NA,/Users/bergelsonlab/Desktop/SWITCH/STIM/Novel Object2 Loom.mp4,NA,NA,42020106,42028060,4324,0,0,4324,0,42021502,42028060,LookCenter,online
T128,Habituation,default (none),13,0,MaxStimulusTime,No,37,Lof_cm_single,NA,NA,/Users/bergelsonlab/Desktop/SWITCH/STIM/Novel Object2 Loom.mp4,NA,NA,42028061,42043352,13148,0,0,13148,0,42029351,42043352,LookCenter,online
T128,Habituation,default (none),14,0,MaxLookAwayTime,No,38,Lof_cm_single,NA,NA,/Users/bergelsonlab/Desktop/SWITCH/STIM/Novel Object2 Loom.mp4,NA,NA,42043353,42052268,3651,0,0,3651,0,42046313,42052268,LookCenter,online
T128,Habituation,default (none),15,0,MaxLookAwayTime,No,39,Lof_cm_single,NA,NA,/Users/bergelsonlab/Desktop/SWITCH/STIM/Novel Object2 Loom.mp4,NA,NA,42052269,42059069,2987,0,0,2987,0,42053830,42059069,LookCenter,online
T128,Habituation,default (none),16,0,MaxLookAwayTime,No,40,Lof_cm_single,NA,NA,/Users/bergelsonlab/Desktop/SWITCH/STIM/Novel Object2 Loom.mp4,NA,NA,42059071,42067955,5288,0,0,5288,0,42060393,42067955,LookCenter,online
T128,Habituation,default (none),17,0,MaxLookAwayTime,No,41,Lof_cm_single,NA,NA,/Users/bergelsonlab/Desktop/SWITCH/STIM/Novel Object2 Loom.mp4,NA,NA,42067956,42080299,8820,0,0,8820,0,42069191,42080299,LookCenter,online
T128,Habituation,default (none),18,0,MaxLookAwayTime,No,42,Lof_cm_single,NA,NA,/Users/bergelsonlab/Desktop/SWITCH/STIM/Novel Object2 Loom.mp4,NA,NA,42080300,42087094,3340,0,0,3340,0,42081504,42087094,LookCenter,online
T128,Habituation,default (none),19,0,MaxLookAwayTime,No,43,Lof_cm_single,NA,NA,/Users/bergelsonlab/Desktop/SWITCH/STIM/Novel Object2 Loom.mp4,NA,NA,42087095,42092729,2351,0,0,2351,0,42088190,42092729,LookCenter,online
T128,Habituation,default (none),20,0,MaxLookAwayTime,No,44,Lof_cm_single,NA,NA,/Users/bergelsonlab/Desktop/SWITCH/STIM/Novel Object2 Loom.mp4,NA,NA,42092730,42104747,8730,0,0,8730,0,42093779,42104746,LookCenter,online
T128,Habituation,default (none),21,0,MaxLookAwayTime,No,45,Lof_cm_single,NA,NA,/Users/bergelsonlab/Desktop/SWITCH/STIM/Novel Object2 Loom.mp4,NA,NA,42104748,42111780,3780,0,0,3780,0,42105773,42111780,LookCenter,online
T128,Habituation,default (none),22,0,MaxLookAwayTime,No,46,Lof_cm_single,NA,NA,/Users/bergelsonlab/Desktop/SWITCH/STIM/Novel Object2 Loom.mp4,NA,NA,42111781,42118381,3340,0,0,3340,0,42112685,42118381,LookCenter,online
T128,Habituation,default (none),23,0,MaxLookAwayTime,No,47,Lof_cm_single,NA,NA,/Users/bergelsonlab/Desktop/SWITCH/STIM/Novel Object2 Loom.mp4,NA,NA,42118383,42126587,4689,0,0,4689,0,42119685,42126587,LookCenter,online
T128,Habituation,default (none),24,0,MaxLookAwayTime,No,48,Lof_cm_single,NA,NA,/Users/bergelsonlab/Desktop/SWITCH/STIM/Novel Object2 Loom.mp4,NA,NA,42126588,42133419,3293,0,0,3293,0,42127856,42133419,LookCenter,online
T128,Test,C1 (none),1,0,MaxLookAwayTime,Yes,24,Same_test,NA,NA,/Users/bergelsonlab/Desktop/SWITCH/STIM/Novel Object2 Loom.mp4,NA,NA,42133419,42147028,6267,0,0,6267,0,42138552,42147028,LookCenter,online
T128,Test,C1 (none),2,0,MaxStimulusTime,Yes,25,NT_test,NA,NA,/Users/bergelsonlab/Desktop/SWITCH/STIM/Novel Object2 Loom.mp4,NA,NA,42147029,42163313,13759,0,0,13759,0,42149312,42163313,LookCenter,online
T128,Test,C1 (none),3,0,MaxLookAwayTime,Yes,50,AuditoryControl,NA,NA,/Users/bergelsonlab/Desktop/SWITCH/STIM/Novel Object2 Loom.mp4,NA,NA,42163314,42175739,9020,0,0,9020,0,42164352,42175739,LookCenter,online
T128,Test,C1 (none),4,0,MaxStimulusTime,Yes,51,VisualControl,NA,NA,/Users/bergelsonlab/Desktop/SWITCH/STIM/Novel Object Loom.mp4,NA,NA,42175739,42192588,13362,0,0,13362,0,42178586,42192588,LookCenter,online
T131,PrePre,default (none),1,0,MaxLookAwayTime,No,16,AudioTest,NA,NA,/Users/bergelsonlab/Downloads/OnlineExperiment/Cat5Sec.mov,NA,NA,70064202,70073633,4357,0,0,4357,0,70067011,70073633,LookCenter,online
T131,Wait,default (none),1,0,GotLook,No,17,Wait,NA,NA,Color(rgb) #000000,NA,NA,70073635,70134316,2144,0,0,2144,0,70074822,70134316,LookCenter,online
T131,Calibration,default (none),1,0,MaxStimulusTime,No,18,Calibration,NA,NA,/Users/bergelsonlab/Downloads/OnlineExperiment/Calibration_Movie.mp4,NA,NA,70134317,70160643,24679,0,0,24679,0,70135642,70160643,LookCenter,online
T131,PreFam,default (none),1,0,MaxStimulusTime,No,19,Apple,NA,NA,/Users/bergelsonlab/Downloads/OnlineExperiment/NewTalker 2/Apple looming.mp4,NA,NA,70160644,70175784,13716,0,0,13716,0,70161782,70175784,LookCenter,online
T131,PreFam,default (none),2,0,MaxStimulusTime,No,20,Ball,NA,NA,/Users/bergelsonlab/Desktop/SWITCH/STIM/Ball looming2.mp4,NA,NA,70175785,70190943,13634,0,0,13634,0,70176942,70190943,LookCenter,online
T131,PreFam,default (none),3,0,MaxStimulusTime,No,21,Shoe,NA,NA,/Users/bergelsonlab/Desktop/SWITCH/STIM/Shoe looming2.mp4,NA,NA,70190944,70206576,13492,0,0,13492,0,70192575,70206576,LookCenter,online
T131,PreFam,default (none),4,0,MaxStimulusTime,No,22,Dog,NA,NA,/Users/bergelsonlab/Desktop/SWITCH/STIM/Dog looming2.mp4,NA,NA,70206581,70221892,13710,0,0,13710,0,70207891,70221892,LookCenter,online
T131,Habituation,default (none),1,0,MaxStimulusTime,No,23,Lof_cm_single,NA,NA,/Users/bergelsonlab/Desktop/SWITCH/STIM/Novel Object2 Loom.mp4,NA,NA,70221893,70237038,13611,0,0,13611,0,70223037,70237038,LookCenter,online
T131,Habituation,default (none),2,0,MaxLookAwayTime,No,26,Lof_cm_single,NA,NA,/Users/bergelsonlab/Desktop/SWITCH/STIM/Novel Object2 Loom.mp4,NA,NA,70237039,70244371,3865,0,0,3865,0,70238072,70244371,LookCenter,online
T131,Habituation,default (none),3,0,MaxLookAwayTime,No,27,Lof_cm_single,NA,NA,/Users/bergelsonlab/Desktop/SWITCH/STIM/Novel Object2 Loom.mp4,NA,NA,70244372,70255271,6919,0,0,6919,0,70246038,70255271,LookCenter,online
T131,Habituation,default (none),4,0,MaxLookAwayTime,No,28,Lof_cm_single,NA,NA,/Users/bergelsonlab/Desktop/SWITCH/STIM/Novel Object2 Loom.mp4,NA,NA,70255272,70262663,2995,0,0,2995,0,70257431,70262663,LookCenter,online
T131,Habituation,default (none),5,0,MaxLookAwayTime,No,29,Lof_cm_single,NA,NA,/Users/bergelsonlab/Desktop/SWITCH/STIM/Novel Object2 Loom.mp4,NA,NA,70262664,70276262,9279,0,0,9279,0,70264723,70276262,LookCenter,online
T131,Habituation,default (none),6,0,MaxLookAwayTime,No,30,Lof_cm_single,NA,NA,/Users/bergelsonlab/Desktop/SWITCH/STIM/Novel Object2 Loom.mp4,NA,NA,70276263,70286198,5324,0,0,5324,0,70278568,70286198,LookCenter,online
T131,Habituation,default (none),7,0,MaxLookAwayTime,No,31,Lof_cm_single,NA,NA,/Users/bergelsonlab/Desktop/SWITCH/STIM/Novel Object2 Loom.mp4,NA,NA,70286199,70295263,4338,0,0,4338,0,70288698,70295263,LookCenter,online
T131,Habituation,default (none),8,0,MaxLookAwayTime,No,32,Lof_cm_single,NA,NA,/Users/bergelsonlab/Desktop/SWITCH/STIM/Novel Object2 Loom.mp4,NA,NA,70295264,70303978,4261,0,0,4261,0,70297423,70303978,LookCenter,online
T131,Habituation,default (none),9,0,MaxLookAwayTime,No,33,Lof_cm_single,NA,NA,/Users/bergelsonlab/Desktop/SWITCH/STIM/Novel Object2 Loom.mp4,NA,NA,70303979,70310648,2062,0,0,2062,0,70306365,70310648,LookCenter,online
T131,Habituation,default (none),10,0,MaxLookAwayTime,No,34,Lof_cm_single,NA,NA,/Users/bergelsonlab/Desktop/SWITCH/STIM/Novel Object2 Loom.mp4,NA,NA,70310649,70317111,2153,0,0,2153,0,70312611,70317111,LookCenter,online
T131,Test,C2 (none),1,0,MaxLookAwayTime,Yes,24,NT_test,NA,NA,/Users/bergelsonlab/Desktop/SWITCH/STIM/Novel Object2 Loom.mp4,NA,NA,70317111,70335113,9572,0,0,9572,0,70323287,70335113,LookCenter,online
T131,Test,C2 (none),2,0,MaxLookAwayTime,Yes,25,Same_test,NA,NA,/Users/bergelsonlab/Desktop/SWITCH/STIM/Novel Object2 Loom.mp4,NA,NA,70335114,70342204,2989,0,0,2989,0,70336987,70342204,LookCenter,online
T131,Test,C2 (none),3,0,MaxLookAwayTime,Yes,36,AuditoryControl,NA,NA,/Users/bergelsonlab/Desktop/SWITCH/STIM/Novel Object2 Loom.mp4,NA,NA,70342205,70357442,10269,0,0,10269,0,70344908,70357442,LookCenter,online
T131,Test,C2 (none),4,0,MaxLookAwayTime,Yes,37,VisualControl,NA,NA,/Users/bergelsonlab/Desktop/SWITCH/STIM/Novel Object Loom.mp4,NA,NA,70357442,70368992,7516,0,0,7516,0,70359195,70368992,LookCenter,online
T132,PrePre,default (none),1,0,MaxLookAwayTime,No,16,AudioTest,NA,NA,/Users/bergelsonlab/Downloads/OnlineExperiment/Cat5Sec.mov,NA,NA,422988,431803,4410,0,0,4410,0,425127,431803,LookCenter,online
T132,Wait,default (none),1,0,GotLook,No,17,Wait,NA,NA,Color(rgb) #000000,NA,NA,431805,499420,2501,0,0,2501,0,433383,499420,LookCenter,online
T132,Calibration,default (none),1,0,MaxStimulusTime,No,18,Calibration,NA,NA,/Users/bergelsonlab/Downloads/OnlineExperiment/Calibration_Movie.mp4,NA,NA,499421,526255,24805,0,0,24805,0,501253,526255,LookCenter,online
T132,PreFam,default (none),1,0,MaxLookAwayTime,No,19,Apple,NA,NA,/Users/bergelsonlab/Downloads/OnlineExperiment/NewTalker 2/Apple looming.mp4,NA,NA,526256,540299,9340,0,0,9340,0,528737,540299,LookCenter,online
T132,PreFam,default (none),2,0,MaxStimulusTime,No,20,Ball,NA,NA,/Users/bergelsonlab/Desktop/SWITCH/STIM/Ball looming2.mp4,NA,NA,540300,557114,12070,0,0,12070,0,543113,557114,LookCenter,online
T132,PreFam,default (none),3,0,MaxLookAwayTime,No,21,Shoe,NA,NA,/Users/bergelsonlab/Desktop/SWITCH/STIM/Shoe looming2.mp4,NA,NA,557115,574922,11297,0,0,11297,0,561328,574922,LookCenter,online
T132,PreFam,default (none),4,0,MaxStimulusTime,No,22,Dog,NA,NA,/Users/bergelsonlab/Desktop/SWITCH/STIM/Dog looming2.mp4,NA,NA,574926,591333,13743,0,0,13743,0,577332,591333,LookCenter,online
T132,Habituation,default (none),1,0,MaxLookAwayTime,No,23,Lof_cm_single,NA,NA,/Users/bergelsonlab/Desktop/SWITCH/STIM/Novel Object2 Loom.mp4,NA,NA,591334,604607,9186,0,0,9186,0,593148,604607,LookCenter,online
T132,Habituation,default (none),2,0,MaxStimulusTime,No,26,Lof_cm_single,NA,NA,/Users/bergelsonlab/Desktop/SWITCH/STIM/Novel Object2 Loom.mp4,NA,NA,604608,620952,11998,0,0,11998,0,606951,620952,LookCenter,online
T132,Habituation,default (none),3,0,MaxLookAwayTime,No,27,Lof_cm_single,NA,NA,/Users/bergelsonlab/Desktop/SWITCH/STIM/Novel Object2 Loom.mp4,NA,NA,620953,627920,2960,0,0,2960,0,622607,627920,LookCenter,online
T132,Habituation,default (none),4,0,MaxLookAwayTime,No,28,Lof_cm_single,NA,NA,/Users/bergelsonlab/Desktop/SWITCH/STIM/Novel Object2 Loom.mp4,NA,NA,627921,640350,4720,0,0,4720,0,633361,640350,LookCenter,online
T132,Habituation,default (none),5,0,MaxLookAwayTime,No,29,Lof_cm_single,NA,NA,/Users/bergelsonlab/Desktop/SWITCH/STIM/Novel Object2 Loom.mp4,NA,NA,640351,649528,2440,0,0,2440,0,644833,649528,LookCenter,online
T132,Habituation,default (none),6,0,MaxLookAwayTime,No,30,Lof_cm_single,NA,NA,/Users/bergelsonlab/Desktop/SWITCH/STIM/Novel Object2 Loom.mp4,NA,NA,649529,675999,4959,0,0,4959,0,668656,675999,LookCenter,online
T132,Habituation,default (none),7,0,MaxLookAwayTime,No,31,Lof_cm_single,NA,NA,/Users/bergelsonlab/Desktop/SWITCH/STIM/Novel Object2 Loom.mp4,NA,NA,676000,687605,4640,0,0,4640,0,680642,687605,LookCenter,online
T132,Habituation,default (none),8,0,MaxLookAwayTime,No,32,Lof_cm_single,NA,NA,/Users/bergelsonlab/Desktop/SWITCH/STIM/Novel Object2 Loom.mp4,NA,NA,687606,711773,2810,0,0,2810,0,706629,711773,LookCenter,online
T132,Habituation,default (none),9,0,MaxLookAwayTime,No,33,Lof_cm_single,NA,NA,/Users/bergelsonlab/Desktop/SWITCH/STIM/Novel Object2 Loom.mp4,NA,NA,711774,730120,3626,0,0,3626,0,724144,730120,LookCenter,online
T132,Habituation,default (none),10,0,MaxLookAwayTime,No,34,Lof_cm_single,NA,NA,/Users/bergelsonlab/Desktop/SWITCH/STIM/Novel Object2 Loom.mp4,NA,NA,730121,744334,3836,0,0,3836,0,738238,744334,LookCenter,online
T132,Habituation,default (none),11,0,MaxLookAwayTime,No,35,Lof_cm_single,NA,NA,/Users/bergelsonlab/Desktop/SWITCH/STIM/Novel Object2 Loom.mp4,NA,NA,744335,761476,2776,0,0,2776,0,756431,761476,LookCenter,online
T132,Test,C1 (none),1,0,MaxLookAwayTime,Yes,24,Same_test,NA,NA,/Users/bergelsonlab/Desktop/SWITCH/STIM/Novel Object2 Loom.mp4,NA,NA,761476,776910,3524,0,0,3524,0,771148,776910,LookCenter,online
T132,Test,C1 (none),2,0,MaxLookAwayTime,Yes,25,NT_test,NA,NA,/Users/bergelsonlab/Desktop/SWITCH/STIM/Novel Object2 Loom.mp4,NA,NA,776911,790663,4889,0,0,4889,0,783572,790663,LookCenter,online
T132,Test,C1 (none),3,0,MaxStimulusTime,Yes,37,AuditoryControl,NA,NA,/Users/bergelsonlab/Desktop/SWITCH/STIM/Novel Object2 Loom.mp4,NA,NA,790664,815069,13780,0,0,13780,0,801066,815069,LookCenter,online
T132,Test,C1 (none),4,0,MaxStimulusTime,Yes,38,VisualControl,NA,NA,/Users/bergelsonlab/Desktop/SWITCH/STIM/Novel Object Loom.mp4,NA,NA,815069,830344,12593,0,0,12593,0,816344,830344,LookCenter,online
T134,PrePre,default (none),1,0,MaxLookAwayTime,No,16,AudioTest,NA,NA,/Users/bergelsonlab/Downloads/OnlineExperiment/Cat5Sec.mov,NA,NA,8040673,8049757,4582,0,0,4582,0,8042885,8049756,LookCenter,online
T134,Wait,default (none),1,0,GotLook,No,17,Wait,NA,NA,Color(rgb) #000000,NA,NA,8049760,8121836,2588,0,0,2588,0,8051509,8121836,LookCenter,online
T134,Calibration,default (none),1,0,MaxStimulusTime,No,18,Calibration,NA,NA,/Users/bergelsonlab/Downloads/OnlineExperiment/Calibration_Movie.mp4,NA,NA,8121837,8148658,24761,0,0,24761,0,8123652,8148658,LookCenter,online
T134,PreFam,default (none),1,0,MaxStimulusTime,No,19,Apple,NA,NA,/Users/bergelsonlab/Downloads/OnlineExperiment/NewTalker 2/Apple looming.mp4,NA,NA,8148660,8163842,13719,0,0,13719,0,8149841,8163842,LookCenter,online
T134,PreFam,default (none),2,0,MaxStimulusTime,No,20,Ball,NA,NA,/Users/bergelsonlab/Desktop/SWITCH/STIM/Ball looming2.mp4,NA,NA,8163843,8179123,13692,0,0,13692,0,8165122,8179123,LookCenter,online
T134,PreFam,default (none),3,0,MaxStimulusTime,No,21,Shoe,NA,NA,/Users/bergelsonlab/Desktop/SWITCH/STIM/Shoe looming2.mp4,NA,NA,8179124,8194185,11974,0,0,11974,0,8180184,8194185,LookCenter,online
T134,PreFam,default (none),4,0,MaxLookAwayTime,No,22,Dog,NA,NA,/Users/bergelsonlab/Desktop/SWITCH/STIM/Dog looming2.mp4,NA,NA,8194190,8209755,11139,0,0,11139,0,8196339,8209755,LookCenter,online
T134,Habituation,default (none),1,0,MaxStimulusTime,No,23,Lof_cm_single,NA,NA,/Users/bergelsonlab/Desktop/SWITCH/STIM/Novel Object2 Loom.mp4,NA,NA,8209756,8225464,13688,0,0,13688,0,8211463,8225464,LookCenter,online
T134,Habituation,default (none),2,0,MaxStimulusTime,No,26,Lof_cm_single,NA,NA,/Users/bergelsonlab/Desktop/SWITCH/STIM/Novel Object2 Loom.mp4,NA,NA,8225465,8240971,13608,0,0,13608,0,8226969,8240971,LookCenter,online
T134,Habituation,default (none),3,0,MaxStimulusTime,No,27,Lof_cm_single,NA,NA,/Users/bergelsonlab/Desktop/SWITCH/STIM/Novel Object2 Loom.mp4,NA,NA,8240972,8256421,13612,0,0,13612,0,8242419,8256421,LookCenter,online
T134,Habituation,default (none),4,0,MaxStimulusTime,No,28,Lof_cm_single,NA,NA,/Users/bergelsonlab/Desktop/SWITCH/STIM/Novel Object2 Loom.mp4,NA,NA,8256422,8272358,13733,0,0,13733,0,8258357,8272358,LookCenter,online
T134,Habituation,default (none),5,0,MaxLookAwayTime,No,29,Lof_cm_single,NA,NA,/Users/bergelsonlab/Desktop/SWITCH/STIM/Novel Object2 Loom.mp4,NA,NA,8272359,8282816,6040,0,0,6040,0,8274421,8282816,LookCenter,online
T134,Habituation,default (none),6,0,MaxLookAwayTime,No,30,Lof_cm_single,NA,NA,/Users/bergelsonlab/Desktop/SWITCH/STIM/Novel Object2 Loom.mp4,NA,NA,8282818,8292203,5440,0,0,5440,0,8284394,8292203,LookCenter,online
T134,Habituation,default (none),7,0,MaxLookAwayTime,No,31,Lof_cm_single,NA,NA,/Users/bergelsonlab/Desktop/SWITCH/STIM/Novel Object2 Loom.mp4,NA,NA,8292204,8304225,8503,0,0,8503,0,8293391,8304225,LookCenter,online
T134,Habituation,default (none),8,0,MaxStimulusTime,No,32,Lof_cm_single,NA,NA,/Users/bergelsonlab/Desktop/SWITCH/STIM/Novel Object2 Loom.mp4,NA,NA,8304226,8320737,13750,0,0,13750,0,8306736,8320737,LookCenter,online
T134,Habituation,default (none),9,0,MaxStimulusTime,No,33,Lof_cm_single,NA,NA,/Users/bergelsonlab/Desktop/SWITCH/STIM/Novel Object2 Loom.mp4,NA,NA,8320738,8336615,13694,0,0,13694,0,8322614,8336615,LookCenter,online
T134,Habituation,default (none),10,0,MaxLookAwayTime,No,34,Lof_cm_single,NA,NA,/Users/bergelsonlab/Desktop/SWITCH/STIM/Novel Object2 Loom.mp4,NA,NA,8336617,8349565,9071,0,0,9071,0,8338177,8349565,LookCenter,online
T134,Habituation,default (none),11,0,MaxStimulusTime,No,35,Lof_cm_single,NA,NA,/Users/bergelsonlab/Desktop/SWITCH/STIM/Novel Object2 Loom.mp4,NA,NA,8349566,8365624,13728,0,0,13728,0,8351622,8365624,LookCenter,online
T134,Habituation,default (none),12,0,MaxLookAwayTime,No,36,Lof_cm_single,NA,NA,/Users/bergelsonlab/Desktop/SWITCH/STIM/Novel Object2 Loom.mp4,NA,NA,8365625,8376221,6818,0,0,6818,0,8366988,8376221,LookCenter,online
T134,Habituation,default (none),13,0,MaxLookAwayTime,No,37,Lof_cm_single,NA,NA,/Users/bergelsonlab/Desktop/SWITCH/STIM/Novel Object2 Loom.mp4,NA,NA,8376222,8386196,6893,0,0,6893,0,8376949,8386196,LookCenter,online
T134,Habituation,default (none),14,0,MaxLookAwayTime,No,38,Lof_cm_single,NA,NA,/Users/bergelsonlab/Desktop/SWITCH/STIM/Novel Object2 Loom.mp4,NA,NA,8386197,8397255,7777,0,0,7777,0,8387150,8397255,LookCenter,online
T134,Habituation,default (none),15,0,MaxLookAwayTime,No,39,Lof_cm_single,NA,NA,/Users/bergelsonlab/Desktop/SWITCH/STIM/Novel Object2 Loom.mp4,NA,NA,8397256,8409216,8314,0,0,8314,0,8398630,8409216,LookCenter,online
T134,Habituation,default (none),16,0,MaxLookAwayTime,No,40,Lof_cm_single,NA,NA,/Users/bergelsonlab/Desktop/SWITCH/STIM/Novel Object2 Loom.mp4,NA,NA,8409217,8416964,4264,0,0,4264,0,8410387,8416964,LookCenter,online
T134,Test,C2 (none),1,0,MaxLookAwayTime,Yes,24,NT_test,NA,NA,/Users/bergelsonlab/Desktop/SWITCH/STIM/Novel Object2 Loom.mp4,NA,NA,8416965,8432676,10041,0,0,10041,0,8420386,8432676,LookCenter,online
T134,Test,C2 (none),2,0,MaxLookAwayTime,Yes,25,Same_test,NA,NA,/Users/bergelsonlab/Desktop/SWITCH/STIM/Novel Object2 Loom.mp4,NA,NA,8432677,8442079,5049,0,0,5049,0,8434810,8442079,LookCenter,online
T134,Test,C2 (none),3,0,MaxStimulusTime,Yes,42,AuditoryControl,NA,NA,/Users/bergelsonlab/Desktop/SWITCH/STIM/Novel Object2 Loom.mp4,NA,NA,8442080,8459198,13797,0,0,13797,0,8445194,8459198,LookCenter,online
T134,Test,C2 (none),4,0,MaxStimulusTime,Yes,43,VisualControl,NA,NA,/Users/bergelsonlab/Desktop/SWITCH/STIM/Novel Object Loom.mp4,NA,NA,8459198,8474632,13745,0,0,13745,0,8460630,8474632,LookCenter,online
